round,lang_name,variable,iso_alpha2,country,glottocode,glottolog_name,level
4,abi,Q3OTHER,NG,14,,,
4,abua,Q3OTHER,NG,14,abua1244,Abua,language
4,adun,Q3OTHER,NG,14,cros1244,Cross River Mbembe,language
4,afikpo,Q3OTHER,NG,14,nucl1417,Igbo,language
4,ahuda,Q3OTHER,NG,14,,,
4,aka,Q3OTHER,NG,14,,,
4,akumu,Q3OTHER,UG,18,,,
4,akwandara,Q3OTHER,NG,14,gwan1268,Gwandara,language
4,andoni,Q3OTHER,NG,14,obol1243,Obolo,language
4,angas,Q3OTHER,NG,14,ngas1240,Ngas,language
4,ankwai,Q3OTHER,NG,14,goem1240,Goemai,language
4,arabic,Q3OTHER,KE,6,oman1239,Omani Arabic,language
4,arago,Q3OTHER,NG,14,alag1242,Alago,language
4,aringa,Q3OTHER,UG,18,arin1244,Aringa,language
4,asian,Q3OTHER,ZA,16,hind1269,Hindi,language
4,asian/indian,Q3OTHER,ZA,16,hind1269,Hindi,language
4,assin,Q3OTHER,GH,5,,,
4,awak,Q3OTHER,NG,14,awak1250,Awak,language
4,awori,Q3OTHER,NG,14,yoru1245,Yoruba,language
4,azoqo,Q3OTHER,NG,14,,,
4,babur,Q3OTHER,NG,14,bura1292,Bura-Pabir,language
4,bachama,Q3OTHER,NG,14,baca1246,Bacama,language
4,bada,Q3OTHER,NG,14,bade1248,Bade,language
4,bajun,Q3OTHER,KE,6,swah1253,Swahili,language
4,balante,Q3OTHER,SN,15,bala1302,Balanta-Ganja,language
4,balawa,Q3OTHER,NG,14,,,
4,banda,Q3OTHER,GH,5,nafa1258,Nafaanra,language
4,basare,Q3OTHER,GH,5,ntch1242,Ntcham,language
4,bassa,Q3OTHER,NG,14,basa1282,Basa (Nigeria),language
4,basseli,Q3OTHER,GH,5,ntch1242,Ntcham,language
4,bazanfara,Q3OTHER,NG,14,,,
4,bekwaira,Q3OTHER,NG,14,,,
4,bella,Q3OTHER,BF,3,,,
4,bemuba,Q3OTHER,GH,5,bimo1239,Bimoba,language
4,betem,Q3OTHER,NG,14,,,
4,bette,Q3OTHER,NG,14,bete1262,Bete-Bendi,language
4,bimoba,Q3OTHER,GH,5,bimo1239,Bimoba,language
4,birom,Q3OTHER,NG,14,bero1242,Berom,language
4,bisa,Q3OTHER,NG,14,busa1253,Busa,language
4,bisab,Q3OTHER,GH,5,biss1248,Bissa,language
4,borana,Q3OTHER,KE,6,bora1271,Borana-Arsi-Guji Oromo,language
4,brass,Q3OTHER,NG,14,,,
4,brefo,Q3OTHER,GH,5,,,
4,brosa,Q3OTHER,GH,5,anyi1245,Anyin,language
4,budya,Q3OTHER,ZW,20,,,
4,builsa,Q3OTHER,GH,5,buli1254,Buli (Ghana),language
4,bule,Q3OTHER,GH,5,buli1254,Buli (Ghana),language
4,busanga,Q3OTHER,GH,5,,,
4,buzanga,Q3OTHER,GH,5,,,
4,bwile,Q3OTHER,ZM,19,bwil1245,Bwile,language
4,calabar,Q3OTHER,NG,14,efik1245,Efik,language
4,changani,Q3OTHER,ZW,20,,,
4,cheua,Q3OTHER,MZ,12,nyan1308,Nyanja,language
4,chewa,Q3OTHER,MZ,12,nyan1308,Nyanja,language
4,chewa,Q3OTHER,ZW,20,nyan1308,Nyanja,language
4,chewe,Q3OTHER,MZ,12,nyan1308,Nyanja,language
4,chibok,Q3OTHER,NG,14,ciba1236,Cibak,language
4,chichewa,Q3OTHER,ZA,16,nyan1308,Nyanja,language
4,chikaranga,Q3OTHER,ZW,20,shon1251,Shona,language
4,chimanica,Q3OTHER,MZ,12,many1258,Manyika,language
4,chiteue,Q3OTHER,MZ,12,tewe1238,Tewe,language
4,chiute,Q3OTHER,MZ,12,tewe1238,Tewe,language
4,chokwe,Q3OTHER,ZM,19,chok1245,Chokwe,language
4,chona,Q3OTHER,MZ,12,,,
4,chuabo,Q3OTHER,MZ,12,chuw1238,Chuwabu,language
4,coti,Q3OTHER,MZ,12,koti1238,Koti,language
4,cross river yala,Q3OTHER,NG,14,yala1263,Yala,language
4,dagaari,Q3OTHER,GH,5,sout2789,Central Dagaare,language
4,dagate,Q3OTHER,GH,5,sout2789,Central Dagaare,language
4,dagomba,Q3OTHER,GH,5,dagb1246,Dagbani,language
4,diemak,Q3OTHER,NG,14,,,
4,digo,Q3OTHER,KE,6,digo1243,Digo,language
4,dogon,Q3OTHER,BF,3,plai1257,Plains Dogon,family
4,dolime,Q3OTHER,GH,5,wali1263,Wali (Ghana),language
4,dombe,Q3OTHER,ZW,20,domb1246,Toka-Leya-Dombe,language
4,eapie,Q3OTHER,NG,14,,,
4,ecthie,Q3OTHER,NG,14,,,
4,efutu,Q3OTHER,GH,5,awut1241,Awutu,language
4,egbema,Q3OTHER,NG,14,izon1238,Izon,language
4,egbma,Q3OTHER,NG,14,izon1238,Izon,language
4,egede,Q3OTHER,NG,14,iged1239,Igede,language
4,eggon,Q3OTHER,NG,14,eggo1239,Eggon,language
4,ejagam,Q3OTHER,NG,14,ejag1239,Ejagham,language
4,eleme,Q3OTHER,NG,14,elem1253,Eleme,language
4,epeye,Q3OTHER,NG,14,ekpe1253,Ekpeye,language
4,epia,Q3OTHER,NG,14,epie1238,Epie,language
4,fanti,Q3OTHER,GH,5,fant1241,Fante,dialect
4,frafra,Q3OTHER,GH,5,fare1241,Farefare,language
4,gabra,Q3OTHER,KE,6,,,
4,gbagyi,Q3OTHER,NG,14,gbag1258,Gbagyi,language
4,giriama,Q3OTHER,KE,6,giry1241,Giryama,language
4,glanda,Q3OTHER,NG,14,glav1244,Glavda,language
4,gomai,Q3OTHER,NG,14,,,
4,gonja,Q3OTHER,GH,5,gonj1241,Gonja,language
4,gruma,Q3OTHER,GH,5,bimo1239,Bimoba,language
4,gruni,Q3OTHER,GH,5,fare1241,Farefare,language
4,grussi,Q3OTHER,GH,5,kase1253,Kasem,language
4,guan,Q3OTHER,GH,5,guaa1238,Gua,language
4,gujarat,Q3OTHER,KE,6,guja1252,Gujarati,language
4,gwari,Q3OTHER,NG,14,gbag1258,Gbagyi,language
4,haoussa,Q3OTHER,BJ,1,haus1257,Hausa,language
4,haoussa,Q3OTHER,ML,11,haus1257,Hausa,language
4,higgi,Q3OTHER,NG,14,kamw1239,Kamwe,language
4,ibani,Q3OTHER,NG,14,iban1261,Ibani,language
4,ichen,Q3OTHER,NG,14,etky1238,Etkywan,language
4,icishila,Q3OTHER,ZM,19,,,
4,igara,Q3OTHER,NG,14,igal1242,Igala,language
4,igede,Q3OTHER,NG,14,iged1239,Igede,language
4,indian,Q3OTHER,KE,6,guja1252,Gujarati,language
4,indian,Q3OTHER,ZA,16,hind1269,Hindi,language
4,ipia,Q3OTHER,NG,14,,,
4,isixhoza,Q3OTHER,LS,7,xhos1239,Xhosa,language
4,iyala,Q3OTHER,NG,14,yala1263,Yala,language
4,jukun,Q3OTHER,NG,14,juku1254,Jukun Takum,language
4,jukun donga,Q3OTHER,NG,14,juku1254,Jukun Takum,language
4,kado,Q3OTHER,BF,3,,,
4,kagoro,Q3OTHER,NG,14,tyap1238,Tyap,language
4,kagoru,Q3OTHER,NG,14,tyap1238,Tyap,language
4,kakaguru,Q3OTHER,TZ,17,,,
4,kakolo,Q3OTHER,ML,11,kago1248,Kagoro,language
4,kakwa,Q3OTHER,UG,18,kakw1240,Kakwa,language
4,kalabari,Q3OTHER,NG,14,kala1381,Kalabari,language
4,kambari,Q3OTHER,NG,14,tsis1238,Salka-Tsishingini,language
4,kambu,Q3OTHER,NG,14,limb1268,Limbum,language
4,karakan,Q3OTHER,BF,3,,,
4,karamajong,Q3OTHER,UG,18,,,
4,karanga,Q3OTHER,ZW,20,shon1251,Shona,language
4,kari-kari,Q3OTHER,NG,14,kare1348,Karekare,language
4,kasem,Q3OTHER,GH,5,kase1253,Kasem,language
4,kasina,Q3OTHER,GH,5,kase1253,Kasem,language
4,kataf,Q3OTHER,NG,14,tyap1238,Tyap,language
4,kataf(atyap),Q3OTHER,NG,14,tyap1238,Tyap,language
4,khana,Q3OTHER,NG,14,khan1278,Khana,language
4,khokhola,Q3OTHER,MW,10,koko1267,Kokola,language
4,kial-yorobi,Q3OTHER,TZ,17,,,
4,kiarusha,Q3OTHER,TZ,17,,,
4,kiasi,Q3OTHER,TZ,17,,,
4,kibarbaik,Q3OTHER,TZ,17,,,
4,kibembe,Q3OTHER,TZ,17,bemb1255,Bembe,language
4,kibena,Q3OTHER,TZ,17,bena1262,Bena (Tanzania),language
4,kibondei,Q3OTHER,TZ,17,bond1247,Bondei,language
4,kibungu,Q3OTHER,TZ,17,bung1265,Bungu,language
4,kidigo,Q3OTHER,TZ,17,digo1243,Digo,language
4,kiha,Q3OTHER,TZ,17,haaa1252,Ha,language
4,kihangaza,Q3OTHER,TZ,17,hang1260,Hangaza,language
4,kihindi,Q3OTHER,TZ,17,hind1269,Hindi,language
4,kiiraqi,Q3OTHER,TZ,17,,,
4,kijaluo,Q3OTHER,TZ,17,,,
4,kijita,Q3OTHER,TZ,17,jita1239,Jita,language
4,kikerewe,Q3OTHER,TZ,17,kere1283,Kerewe,language
4,kikimbu,Q3OTHER,TZ,17,kimb1242,Kimbu,language
4,kikine,Q3OTHER,TZ,17,suba1252,Suba-Simbiti,language
4,kikinga,Q3OTHER,TZ,17,nucl1379,Kinga,language
4,kikonongo,Q3OTHER,TZ,17,kono1265,Konongo,language
4,kikutu,Q3OTHER,TZ,17,kutu1263,Kutu,language
4,kikwaya,Q3OTHER,TZ,17,kway1241,Kwaya,language
4,kilambya,Q3OTHER,TZ,17,lamb1272,Lambya,language
4,kilindi,Q3OTHER,TZ,17,,,
4,kilungwa,Q3OTHER,TZ,17,,,
4,kimakua,Q3OTHER,TZ,17,makh1261,Makhuwa-Meetto,language
4,kimalila,Q3OTHER,TZ,17,mali1279,Malila,language
4,kimambwe,Q3OTHER,TZ,17,mamb1296,Mambwe-Lungu,language
4,kimatengo,Q3OTHER,TZ,17,mate1258,Matengo,language
4,kimatumbi,Q3OTHER,TZ,17,matu1259,Matumbi,language
4,kimbembe,Q3OTHER,TZ,17,,,
4,kimbulu,Q3OTHER,TZ,17,,,
4,kimbungo,Q3OTHER,TZ,17,,,
4,kimeru,Q3OTHER,TZ,17,rwaa1238,Rwa,language
4,kimwani,Q3OTHER,MZ,12,mwan1247,Mwani,language
4,kimwera,Q3OTHER,TZ,17,mwer1248,Mwera (Chimwera),language
4,kindali,Q3OTHER,TZ,17,ndal1241,Ndali,language
4,kindamba,Q3OTHER,TZ,17,ndam1239,Ndamba,language
4,kindendeule,Q3OTHER,TZ,17,nden1249,Ndendeule,language
4,kindengereko,Q3OTHER,TZ,17,nden1248,Ndengereko,language
4,kingindo,Q3OTHER,TZ,17,ngin1244,Ngindo,language
4,kingoni,Q3OTHER,TZ,17,ngon1269,Ngoni,language
4,kinyagazwa,Q3OTHER,TZ,17,,,
4,kinyambo,Q3OTHER,TZ,17,nyam1277,Nyambo,language
4,kinyamwanga,Q3OTHER,TZ,17,nyam1275,Nyamwanga,language
4,kinyiha,Q3OTHER,TZ,17,nyik1247,Nyika (Tanzania),language
4,kipangwa,Q3OTHER,TZ,17,pang1287,Pangwa,language
4,kipimbwe,Q3OTHER,TZ,17,pimb1238,Pimbwe,language
4,kipogoro,Q3OTHER,TZ,17,pogo1243,Pogolo,language
4,kipsigis,Q3OTHER,KE,6,kips1239,Kipsigis,language
4,kirangi,Q3OTHER,TZ,17,lang1320,Langi,language
4,kiryeri,Q3OTHER,TZ,17,suba1252,Suba-Simbiti,language
4,kisafwa,Q3OTHER,TZ,17,safw1238,Safwa,language
4,kisagara,Q3OTHER,TZ,17,saga1256,Sagala,language
4,kisambaa,Q3OTHER,TZ,17,sham1280,Shambala,language
4,kisangu,Q3OTHER,TZ,17,sang1330,Sangu (Tanzania),language
4,kishihiri,Q3OTHER,TZ,17,,,
4,kishirazi,Q3OTHER,TZ,17,,,
4,kishubi,Q3OTHER,TZ,17,shub1238,Shubi,language
4,kisuba,Q3OTHER,TZ,17,suba1252,Suba-Simbiti,language
4,kisumbwa,Q3OTHER,TZ,17,sumb1240,Sumbwa,language
4,kitumbatu,Q3OTHER,TZ,17,,,
4,kividunda,Q3OTHER,TZ,17,vidu1238,Vidunda,language
4,kiwanji,Q3OTHER,TZ,17,vwan1235,Vwanji,language
4,kiyao,Q3OTHER,TZ,17,yaoo1241,Yao,language
4,kizanaki,Q3OTHER,TZ,17,zana1238,Zanaki,language
4,kizaramo,Q3OTHER,TZ,17,zara1247,Zaramo,language
4,kizigua,Q3OTHER,TZ,17,zigu1242,Zigula,language
4,kizinza,Q3OTHER,TZ,17,zinz1238,Zinza,language
4,konkoba,Q3OTHER,GH,5,konk1269,Konkomba,language
4,korekore,Q3OTHER,ZW,20,shon1251,Shona,language
4,kotokoli,Q3OTHER,GH,5,temm1241,Tem,language
4,kumam,Q3OTHER,UG,18,kuma1275,Kumam,language
4,kunda,Q3OTHER,ZM,19,nyan1308,Nyanja,language
4,kusal,Q3OTHER,GH,5,kusa1250,Kusaal,language
4,kusasi,Q3OTHER,GH,5,kusa1250,Kusaal,language
4,kuteb,Q3OTHER,NG,14,kute1248,Kutep,language
4,kwalla,Q3OTHER,NG,14,kofy1242,Pan,language
4,lala,Q3OTHER,ZM,19,lala1264,Lala-Bisa,language
4,lamba,Q3OTHER,ZM,19,lamb1271,Lamba,language
4,larteh,Q3OTHER,GH,5,lart1238,Larteh,language
4,lekpekpe,Q3OTHER,GH,5,sekp1241,Sekpele,language
4,lolo,Q3OTHER,MZ,12,lolo1261,Lolo,language
4,lomue,Q3OTHER,MZ,12,lomw1241,Mozambique Lomwe,language
4,lomwe,Q3OTHER,MZ,12,lomw1241,Mozambique Lomwe,language
4,luchazi,Q3OTHER,ZM,19,luch1239,Luchazi,language
4,lululi,Q3OTHER,UG,18,ruul1235,Ruuli,language
4,lunda kazembe,Q3OTHER,ZM,19,bemb1257,Bemba (Zambia),language
4,lungu,Q3OTHER,ZM,19,mamb1296,Mambwe-Lungu,language
4,lwamba,Q3OTHER,UG,18,amba1263,Amba (Uganda),language
4,macheua,Q3OTHER,MZ,12,,,
4,makwe,Q3OTHER,MZ,12,makw1236,Makwe,language
4,malawian,Q3OTHER,ZW,20,,,
4,malolo,Q3OTHER,MZ,12,,,
4,mambilla,Q3OTHER,NG,14,nige1255,Nigeria Mambila,language
4,mampruli,Q3OTHER,GH,5,mamp1244,Mampruli,language
4,mamprusi,Q3OTHER,GH,5,mamp1244,Mampruli,language
4,manga,Q3OTHER,NG,14,mang1399,Manga Kanuri,language
4,manhembane,Q3OTHER,MZ,12,,,
4,manhungue,Q3OTHER,MZ,12,many1258,Manyika,language
4,manica (mozambican),Q3OTHER,ZW,20,many1258,Manyika,language
4,manyika,Q3OTHER,ZW,20,many1258,Manyika,language
4,marenge,Q3OTHER,MZ,12,mare1260,Marenje,language
4,marenje,Q3OTHER,MZ,12,mare1260,Marenje,language
4,marghi,Q3OTHER,NG,14,marg1265,Marghi Central,language
4,marocain,Q3OTHER,SN,15,,,
4,mateue,Q3OTHER,MZ,12,,,
4,mathewe,Q3OTHER,MZ,12,tewe1238,Tewe,language
4,matsua,Q3OTHER,MZ,12,tswa1255,Tswa,language
4,maungwe,Q3OTHER,ZW,20,,,
4,mbembe,Q3OTHER,NG,14,cros1244,Cross River Mbembe,language
4,mbunda,Q3OTHER,ZM,19,mbun1249,Mbunda,language
4,michica,Q3OTHER,NG,14,,,
4,minyam,Q3OTHER,NG,14,,,
4,mossi,Q3OTHER,GH,5,moss1236,Mossi,language
4,mozambican,Q3OTHER,ZW,20,,,
4,muani,Q3OTHER,MZ,12,mwan1247,Mwani,language
4,muauni,Q3OTHER,MZ,12,mwan1247,Mwani,language
4,mufwe,Q3OTHER,NA,13,fwee1238,Fwe,language
4,mumuye,Q3OTHER,NG,14,nucl1240,Mumuye,language
4,muniga,Q3OTHER,MZ,12,makh1265,Makhuwa-Moniga,language
4,munoga,Q3OTHER,MZ,12,makh1265,Makhuwa-Moniga,language
4,muryang,Q3OTHER,NG,14,,,
4,mwaghawul,Q3OTHER,NG,14,mwag1236,Mwaghavul,language
4,mzema,Q3OTHER,LS,7,,,
4,nafana,Q3OTHER,GH,5,nafa1258,Nafaanra,language
4,nambia,Q3OTHER,ZW,20,,,
4,nambya,Q3OTHER,ZW,20,namb1291,Nambya,language
4,namwanga,Q3OTHER,MW,10,nyam1275,Nyamwanga,language
4,nanum,Q3OTHER,GH,5,dagb1246,Dagbani,language
4,ndali,Q3OTHER,MW,10,ndal1241,Ndali,language
4,ndau,Q3OTHER,ZW,20,ndau1241,Ndau,language
4,ndebele,Q3OTHER,ZM,19,nort2795,Zimbabwean Ndebele,language
4,ndoro,Q3OTHER,NG,14,ndoo1241,Ndoola,language
4,nedere,Q3OTHER,NG,14,koma1266,Koma Ndera,language
4,ngumbo,Q3OTHER,ZM,19,,,
4,nhungue,Q3OTHER,MZ,12,nyun1248,Nyungwe,language
4,nubian,Q3OTHER,UG,18,nubi1253,Nubi,language
4,numana,Q3OTHER,NG,14,numa1252,Numana-Nunku-Gbantu-Numbu,language
4,nyaho (chawa),Q3OTHER,ZW,20,chew1246,Chewa,dialect
4,nyanja,Q3OTHER,ZW,20,nyan1308,Nyanja,language
4,nyemba,Q3OTHER,NA,13,,,
4,nyika,Q3OTHER,MW,10,nyik1246,Nyika (Malawi and Zambia),language
4,nyika,Q3OTHER,ZM,19,nyik1246,Nyika (Malawi and Zambia),language
4,nyungue,Q3OTHER,MZ,12,nyun1248,Nyungwe,language
4,nzema,Q3OTHER,GH,5,nzim1238,Nzima,language
4,obubra,Q3OTHER,NG,14,,,
4,ogaja,Q3OTHER,NG,14,,,
4,ogbia,Q3OTHER,NG,14,ogbi1239,Ogbia,language
4,okirika,Q3OTHER,NG,14,kiri1254,Kirike,language
4,opobo,Q3OTHER,NG,14,,,
4,oron,Q3OTHER,NG,14,oroo1241,Oro,language
4,pashto,Q3OTHER,ZA,16,nort2646,Northern Pashto,language
4,pokomo,Q3OTHER,KE,6,poko1261,Pokomo,language
4,pougouli,Q3OTHER,BF,3,phui1238,Phuie,language
4,rendere,Q3OTHER,NG,14,nung1292,Nungu,language
4,ronga,Q3OTHER,MZ,12,rong1268,Ronga,language
4,rufumbira,Q3OTHER,UG,18,kiny1244,Kinyarwanda,language
4,rulundi,Q3OTHER,UG,18,rund1242,Rundi,language
4,runyarwanda,Q3OTHER,UG,18,kiny1244,Kinyarwanda,language
4,rwandese,Q3OTHER,UG,18,kiny1244,Kinyarwanda,language
4,sabiny,Q3OTHER,UG,18,kups1238,Kupsabiny,language
4,saboti,Q3OTHER,KE,6,saba1262,Sabaot,language
4,sala,Q3OTHER,ZM,19,sala1266,Sala,language
4,samogo,Q3OTHER,ML,11,duun1242,Duungooma,language
4,san,Q3OTHER,NA,13,juho1239,South-Eastern Ju,language
4,sarpo,Q3OTHER,LR,8,sapo1251,Sapo,language
4,sebanderu,Q3OTHER,BW,2,,,
4,sefwi,Q3OTHER,GH,5,sehw1238,Sehwi,language
4,segxereku,Q3OTHER,BW,2,,,
4,sena,Q3OTHER,MZ,12,nucl1396,Sena,language
4,senajwa,Q3OTHER,BW,2,,,
4,senga,Q3OTHER,ZM,19,tumb1250,Tumbuka,language
4,seshona,Q3OTHER,BW,2,shon1251,Shona,language
4,sesotho,Q3OTHER,BW,2,sout2807,Southern Sotho,language
4,setlharwa,Q3OTHER,BW,2,,,
4,setswapong,Q3OTHER,BW,2,tswa1237,Tswapong,language
4,sezezuru,Q3OTHER,BW,2,shon1251,Shona,language
4,shangani,Q3OTHER,ZW,20,tson1249,Tsonga,language
4,shona,Q3OTHER,MZ,12,,,
4,shona,Q3OTHER,ZM,19,shon1251,Shona,language
4,"shona, cheua",Q3OTHER,MZ,12,,,
4,shuwa arab,Q3OTHER,NG,14,chad1249,Chadian Arabic,language
4,sifwe,Q3OTHER,NA,13,fwee1238,Fwe,language
4,sisila,Q3OTHER,GH,5,sisa1248,Sisaala,family
4,sissaba,Q3OTHER,BF,3,,,
4,swaka,Q3OTHER,ZM,19,lala1264,Lala-Bisa,language
4,tacuane,Q3OTHER,MZ,12,takw1238,Takwane,language
4,talensi,Q3OTHER,GH,5,fare1241,Farefare,language
4,tamacheck,Q3OTHER,BF,3,,,
4,tampulma,Q3OTHER,GH,5,tamp1252,Tampulma,language
4,tangale,Q3OTHER,NG,14,nucl1696,Tangale,language
4,tarah,Q3OTHER,NG,14,tera1251,Tera,language
4,taura (mozambican),Q3OTHER,ZW,20,,,
4,tera,Q3OTHER,NG,14,tera1251,Tera,language
4,teso,Q3OTHER,KE,6,teso1249,Teso,language
4,tewe,Q3OTHER,MZ,12,tewe1238,Tewe,language
4,tigum,Q3OTHER,NG,14,tigo1236,Tigon Mbembe,language
4,tigun,Q3OTHER,NG,14,tigo1236,Tigon Mbembe,language
4,tiriki,Q3OTHER,KE,6,idak1243,Idakho-Isukha-Tiriki,language
4,tokaleya,Q3OTHER,ZM,19,,,
4,tonga,Q3OTHER,MZ,12,tson1249,Tsonga,language
4,totela,Q3OTHER,NA,13,,,
4,toussian,Q3OTHER,BF,3,,,
4,ugep,Q3OTHER,NG,14,loka1252,Lokaa,language
4,ushi,Q3OTHER,ZM,19,aush1241,Aushi,language
4,usmi,Q3OTHER,ZM,19,,,
4,uumbundu,Q3OTHER,NA,13,umbu1257,Umbundu,language
4,wa dormu,Q3OTHER,GH,5,,,
4,waala,Q3OTHER,GH,5,wali1263,Wali (Ghana),language
4,waja,Q3OTHER,NG,14,waja1259,Waja,language
4,wassa,Q3OTHER,GH,5,wasa1244,Wasa,language
4,wiza,Q3OTHER,MW,10,lala1264,Lala-Bisa,language
4,xiteu,Q3OTHER,MZ,12,tewe1238,Tewe,language
4,xitsua,Q3OTHER,MZ,12,tswa1255,Tswa,language
4,yakur,Q3OTHER,NG,14,loka1252,Lokaa,language
4,yao,Q3OTHER,ZW,20,yaoo1241,Yao,language
4,zabrama,Q3OTHER,GH,5,,,
4,zerma,Q3OTHER,ML,11,zarm1239,Zarma-Kaado,language
4,zezulu,Q3OTHER,ZM,19,zulu1248,Zulu,language
4,zezuru,Q3OTHER,ZW,20,shon1251,Shona,language
4,zhoza,Q3OTHER,LS,7,xhos1239,Xhosa,language
4,zugu,Q3OTHER,GH,5,,,
4,zuru,Q3OTHER,NG,14,clel1238,C'lela,language
5,akebou,Q103OTHER,TG,24,akeb1238,Akebu,language
5,badiaranke,Q103OTHER,SN,15,,,
5,baham,Q103OTHER,CM,26,ghom1247,Ghomálá',language
5,bandjoun,Q103OTHER,CM,26,ghom1247,Ghomálá',language
5,bassano foula,Q103OTHER,GN,28,pula1262,Pular,language
5,bhojpuri,Q103OTHER,MU,21,bhoj1244,Bhojpuri,language
5,boo,Q103OTHER,BJ,1,,,
5,dii,Q103OTHER,CM,26,diii1241,Dii,language
5,ditamari,Q103OTHER,BJ,1,dita1238,Ditammari,language
5,eng and swahili,Q103OTHER,KE,6,stan1293,English,language
5,gangan,Q103OTHER,TG,24,,,
5,gourma,Q103OTHER,TG,24,gour1243,Gourmanchéma,language
5,guidar,Q103OTHER,CM,26,gida1247,Gidar,language
5,haoussa,Q103OTHER,TG,24,haus1257,Hausa,language
5,haoussa,Q103OTHER,CM,26,haus1257,Hausa,language
5,isizulu,Q103OTHER,SZ,30,zulu1248,Zulu,language
5,kisii,Q103OTHER,KE,6,gusi1247,Gusii,language
5,kpessi,Q103OTHER,TG,24,kpes1238,Kpessi,language
5,kuria,Q103OTHER,KE,6,kuri1259,Kuria,language
5,landouma,Q103OTHER,GN,28,land1256,Landoma,language
5,limba,Q103OTHER,SL,22,limb1267,Limba,family
5,lugwere,Q103OTHER,UG,18,gwer1238,Gwere,language
5,mafa,Q103OTHER,CM,26,mafa1239,Mafa,language
5,manian,Q103OTHER,GN,28,,,
5,masai,Q103OTHER,KE,6,masa1300,Masai,language
5,mbamois,Q103OTHER,CM,26,,,
5,mbo,Q103OTHER,CM,26,mboc1235,Mbo (Cameroon),language
5,mboum,Q103OTHER,CM,26,mbum1254,Mbum,language
5,mina,Q103OTHER,TG,24,genn1243,Gen,language
5,nambya,Q103OTHER,ZW,20,namb1291,Nambya,language
5,ndau,Q103OTHER,ZW,20,ndau1241,Ndau,language
5,nyanja,Q103OTHER,ZW,20,nyan1308,Nyanja,language
5,peulh,Q103OTHER,BJ,1,west2454,Western Niger Fulfulde,language
5,pokot,Q103OTHER,KE,6,poko1263,Pökoot,language
5,ronga,Q103OTHER,MZ,12,rong1268,Ronga,language
5,senga,Q103OTHER,ZM,19,tumb1250,Tumbuka,language
5,sethepu,Q103OTHER,LS,7,,,
5,shangaan,Q103OTHER,ZA,16,tson1249,Tsonga,language
5,sherbro,Q103OTHER,SL,22,sher1258,Sherbro,language
5,shona & ndebele,Q103OTHER,ZW,20,nort2795,Zimbabwean Ndebele,language
5,siswati,Q103OTHER,ZA,16,swat1243,Swati,language
5,somali,Q103OTHER,KE,6,soma1255,Somali,language
5,standard english,Q103OTHER,LR,8,stan1293,English,language
5,swahili,Q103OTHER,KE,6,swah1253,Swahili,language
5,tikar,Q103OTHER,CM,26,tika1246,Tikar,language
5,tsonga,Q103OTHER,ZA,16,tson1249,Tsonga,language
5,tumbuka,Q103OTHER,ZM,19,tumb1250,Tumbuka,language
5,turkana,Q103OTHER,KE,6,turk1308,Turkana,language
5,xitsua,Q103OTHER,MZ,12,tswa1255,Tswa,language
5,yambassa,Q103OTHER,CM,26,yang1293,Yangben,language
5,aboure,Q116OTHER,CI,27,abur1243,Abure,language
5,ahizi,Q116OTHER,CI,27,apro1235,Aproumu Aizi,language
5,anyanga,Q116OTHER,TG,24,giny1241,Ginyanga,language
5,babur,Q116OTHER,NG,14,bura1292,Bura-Pabir,language
5,bachama,Q116OTHER,NG,14,baca1246,Bacama,language
5,bajju,Q116OTHER,NG,14,jjuu1238,Jju,language
5,bandjoun,Q116OTHER,CM,26,ghom1247,Ghomálá',language
5,banen,Q116OTHER,CM,26,tune1261,Tunen,language
5,bassa,Q116OTHER,NG,14,basa1282,Basa (Nigeria),language
5,bassa,Q116OTHER,CM,26,basa1284,Basa (Cameroon),language
5,bayangam,Q116OTHER,CM,26,,,
5,boo,Q116OTHER,BJ,1,,,
5,burah,Q116OTHER,NG,14,bura1292,Bura-Pabir,language
5,chitewe,Q116OTHER,MZ,12,tewe1238,Tewe,language
5,dagaare,Q116OTHER,GH,5,sout2789,Central Dagaare,language
5,dahomey,Q116OTHER,CI,27,,,
5,eton,Q116OTHER,CM,26,eton1253,Eton-Mengisa,language
5,frafra,Q116OTHER,GH,5,fare1241,Farefare,language
5,fulse,Q116OTHER,BF,3,koro1298,Koromfé,language
5,izere,Q116OTHER,NG,14,izer1241,Izere,language
5,jaba,Q116OTHER,NG,14,idun1241,Idun,language
5,jarawa,Q116OTHER,NG,14,jara1263,Jarawa (Nigeria),language
5,jukun,Q116OTHER,NG,14,juku1254,Jukun Takum,language
5,kijita,Q116OTHER,TZ,17,jita1239,Jita,language
5,kiluri,Q116OTHER,TZ,17,,,
5,koro,Q116OTHER,NG,14,koro1301,Koroic,family
5,kotoko,Q116OTHER,CM,26,,,
5,mafa,Q116OTHER,CM,26,mafa1239,Mafa,language
5,mbo,Q116OTHER,CM,26,mboc1235,Mbo (Cameroon),language
5,ngas,Q116OTHER,NG,14,ngas1240,Ngas,language
5,ntoumou,Q116OTHER,CM,26,fang1246,Fang (Equatorial Guinea),language
5,nyem nyem,Q116OTHER,CM,26,,,
5,nyika,Q116OTHER,ZM,19,nyik1246,Nyika (Malawi and Zambia),language
5,ron,Q116OTHER,NG,14,ronn1241,Ron,language
5,rufumbiira,Q116OTHER,UG,18,kiny1244,Kinyarwanda,language
5,sayawa,Q116OTHER,NG,14,saya1246,Saya,language
5,tamazight,Q116OTHER,MA,33,stan1324,Standard Moroccan Tamazight,dialect
5,toura,Q116OTHER,CI,27,tour1242,Toura (Côte d'Ivoire),language
5,waale,Q116OTHER,GH,5,wali1263,Wali (Ghana),language
5,wobe,Q116OTHER,CI,27,weno1238,Wobe-Wè Northern,language
5,xitswa,Q116OTHER,MZ,12,tswa1255,Tswa,language
5,zuru,Q116OTHER,NG,14,clel1238,C'lela,language
5,abidji,Q2OTHER,CI,27,abid1235,Abidji,language
5,abo,Q2OTHER,CM,26,bank1256,Bankon,language
5,aboure,Q2OTHER,CI,27,abur1243,Abure,language
5,adele,Q2OTHER,TG,24,adel1244,Adele,language
5,adja,Q2OTHER,TG,24,ajab1235,Aja (Benin),language
5,afizere,Q2OTHER,NG,14,izer1241,Izere,language
5,agbor,Q2OTHER,NG,14,ikaa1238,Ika,language
5,aghem,Q2OTHER,CM,26,aghe1239,Aghem,language
5,ahizi,Q2OTHER,CI,27,apro1235,Aproumu Aizi,language
5,ahoada,Q2OTHER,NG,14,,,
5,akan,Q2OTHER,GH,5,akan1250,Akan,language
5,akebou,Q2OTHER,TG,24,akeb1238,Akebu,language
5,aklobo,Q2OTHER,TG,24,,,
5,akumazi,Q2OTHER,NG,14,ikaa1238,Ika,language
5,akyode,Q2OTHER,GH,5,giky1238,Gikyode,language
5,alago,Q2OTHER,NG,14,alag1242,Alago,language
5,ambo-batibo,Q2OTHER,CM,26,,,
5,amoh,Q2OTHER,NG,14,amoo1242,Amo,language
5,anago,Q2OTHER,TG,24,,,
5,anang,Q2OTHER,NG,14,anaa1238,Anaang,language
5,andoni,Q2OTHER,NG,14,obol1243,Obolo,language
5,angas,Q2OTHER,NG,14,ngas1240,Ngas,language
5,appolo,Q2OTHER,CI,27,nzim1238,Nzima,language
5,arabe choa,Q2OTHER,CM,26,chad1249,Chadian Arabic,language
5,arabic,Q2OTHER,KE,6,oman1239,Omani Arabic,language
5,aringa,Q2OTHER,UG,18,arin1244,Aringa,language
5,ashanti,Q2OTHER,TG,24,,,
5,asian south,Q2OTHER,KE,6,guja1252,Gujarati,language
5,attakar,Q2OTHER,NG,14,tyap1238,Tyap,language
5,auchi,Q2OTHER,NG,14,yekh1238,Yekhee,language
5,awa,Q2OTHER,NG,14,,,
5,awutu,Q2OTHER,GH,5,awut1241,Awutu,language
5,ayigbe,Q2OTHER,GH,5,,,
5,babanjou,Q2OTHER,CM,26,,,
5,babis,Q2OTHER,CM,26,,,
5,baboute,Q2OTHER,CM,26,vute1244,Vute,language
5,babungo,Q2OTHER,CM,26,veng1238,Vengo,language
5,bachiotia,Q2OTHER,CM,26,,,
5,badenkop,Q2OTHER,CM,26,,,
5,badiaranke,Q2OTHER,SN,15,,,
5,badjoue,Q2OTHER,CM,26,koon1245,Koonzime,language
5,bafanji,Q2OTHER,CM,26,bafa1249,Bafanji,language
5,bafmen,Q2OTHER,CM,26,mmen1238,Mmen,language
5,bafo,Q2OTHER,CM,26,bafa1247,Bafaw-Balong,language
5,bafounda,Q2OTHER,CM,26,,,
5,bafoussam,Q2OTHER,CM,26,,,
5,bago,Q2OTHER,TG,24,bago1245,Bago-Kusuntu,language
5,bagwom,Q2OTHER,NG,14,,,
5,baham,Q2OTHER,CM,26,ghom1247,Ghomálá',language
5,bajju,Q2OTHER,NG,14,jjuu1238,Jju,language
5,bakamuka,Q2OTHER,NG,14,,,
5,bakassi,Q2OTHER,CM,26,,,
5,bakenyi,Q2OTHER,UG,18,keny1278,Kenyi,language
5,bakoko,Q2OTHER,CM,26,bako1249,Bakoko,language
5,bakossi,Q2OTHER,CM,26,akoo1248,Akoose,language
5,bakwe,Q2OTHER,CI,27,bakw1243,Bakwé,language
5,bakweri,Q2OTHER,CM,26,mokp1239,Mokpwe,language
5,balante,Q2OTHER,SN,15,bala1302,Balanta-Ganja,language
5,balati,Q2OTHER,CM,26,,,
5,bali,Q2OTHER,CM,26,mung1266,Mungaka,language
5,balikumbat,Q2OTHER,CM,26,bamu1254,Bamukumbit,language
5,balinyongya,Q2OTHER,CM,26,mung1266,Mungaka,language
5,balong,Q2OTHER,CM,26,bafa1247,Bafaw-Balong,language
5,bambili,Q2OTHER,CM,26,bamb1266,Bambili-Bambui,language
5,bamedjou,Q2OTHER,CM,26,,,
5,bameka,Q2OTHER,CM,26,ghom1247,Ghomálá',language
5,bamenda,Q2OTHER,CM,26,mend1261,Mendankwe-Nkwen,language
5,bamendjou,Q2OTHER,CM,26,,,
5,bamessing,Q2OTHER,CM,26,kens1251,Kenswei Nsei,language
5,bamumbu,Q2OTHER,CM,26,mund1327,Mundani,language
5,banda,Q2OTHER,GH,5,nafa1258,Nafaanra,language
5,banen,Q2OTHER,CM,26,tune1261,Tunen,language
5,bangou,Q2OTHER,CM,26,,,
5,banossi,Q2OTHER,CM,26,,,
5,bapa,Q2OTHER,CM,26,baba1264,Baba,language
5,bapoukou,Q2OTHER,CM,26,,,
5,barakwena,Q2OTHER,NA,13,kxoe1243,Kxoe,language
5,basange,Q2OTHER,NG,14,,,
5,basare,Q2OTHER,GH,5,ntch1242,Ntcham,language
5,bassano foula,Q2OTHER,GN,28,pula1262,Pular,language
5,bassar,Q2OTHER,TG,24,ntch1242,Ntcham,language
5,batcham,Q2OTHER,CM,26,ngie1241,Ngiemboon,language
5,batibo,Q2OTHER,CM,26,meta1238,Meta',language
5,batie,Q2OTHER,CM,26,ghom1247,Ghomálá',language
5,batomow,Q2OTHER,CM,26,,,
5,battor,Q2OTHER,GH,5,,,
5,baya,Q2OTHER,CM,26,nort2775,Northwest Gbaya,language
5,bayotte,Q2OTHER,SN,15,bayo1255,Bayot,language
5,beka,Q2OTHER,GN,28,,,
5,bengwi,Q2OTHER,CM,26,,,
5,bikom,Q2OTHER,CM,26,komc1235,Kom (Cameroon),language
5,bille,Q2OTHER,NG,14,bile1244,Bile,language
5,bimoba,Q2OTHER,GH,5,bimo1239,Bimoba,language
5,birifori,Q2OTHER,GH,5,sout2790,Southern Birifor,language
5,birom,Q2OTHER,NG,14,bero1242,Berom,language
5,bitonga,Q2OTHER,MZ,12,gito1238,Gitonga,language
5,bobis,Q2OTHER,CM,26,,,
5,bobo,Q2OTHER,BF,3,bobo1253,Bobo,family
5,bocha,Q2OTHER,ZW,20,many1258,Manyika,language
5,bogobara,Q2OTHER,NG,14,,,
5,bole,Q2OTHER,NG,14,nucl1695,Bole,language
5,bolon,Q2OTHER,BF,3,bolo1266,Bolon,language
5,bongken,Q2OTHER,CM,26,bonk1243,Bonkeng,language
5,boo,Q2OTHER,BJ,1,,,
5,borana,Q2OTHER,KE,6,bora1271,Borana-Arsi-Guji Oromo,language
5,borom,Q2OTHER,NG,14,,,
5,bouda,Q2OTHER,CM,26,,,
5,buile,Q2OTHER,GH,5,,,
5,builsa,Q2OTHER,GH,5,buli1254,Buli (Ghana),language
5,buja,Q2OTHER,ZW,20,,,
5,bulgarian,Q2OTHER,ZA,16,bulg1262,Bulgarian,language
5,bum,Q2OTHER,CM,26,mbum1254,Mbum,language
5,bura,Q2OTHER,NG,14,bura1292,Bura-Pabir,language
5,busanga,Q2OTHER,GH,5,,,
5,chamba,Q2OTHER,GH,5,ntch1242,Ntcham,language
5,chamba,Q2OTHER,NG,14,samb1311,Samba Daka,language
5,chawai,Q2OTHER,NG,14,atsa1241,Atsam,language
5,chechewa,Q2OTHER,MZ,12,nyan1308,Nyanja,language
5,chewa,Q2OTHER,ZW,20,nyan1308,Nyanja,language
5,chibarue,Q2OTHER,MZ,12,barw1243,Barwe,language
5,chibaure,Q2OTHER,MZ,12,barw1243,Barwe,language
5,chibok,Q2OTHER,NG,14,ciba1236,Cibak,language
5,chiburue,Q2OTHER,MZ,12,barw1243,Barwe,language
5,chichewa,Q2OTHER,MZ,12,nyan1308,Nyanja,language
5,chigorongozi,Q2OTHER,MZ,12,,,
5,chikunda,Q2OTHER,ZW,20,kund1255,Chikunda,language
5,chilambya,Q2OTHER,MW,10,lamb1272,Lambya,language
5,chimanica,Q2OTHER,MZ,12,many1258,Manyika,language
5,chimarenge,Q2OTHER,MZ,12,,,
5,chimullu,Q2OTHER,GH,5,chum1261,Chumburung,language
5,chinamwanga,Q2OTHER,MW,10,,,
5,chindali,Q2OTHER,MW,10,ndal1241,Ndali,language
5,chindalii,Q2OTHER,MW,10,ndal1241,Ndali,language
5,chindebele,Q2OTHER,MW,10,nort2795,Zimbabwean Ndebele,language
5,chinese,Q2OTHER,ZA,16,mand1415,Mandarin Chinese,language
5,chingoni,Q2OTHER,MZ,12,ngon1269,Ngoni,language
5,chingozi,Q2OTHER,MZ,12,,,
5,chinhungue,Q2OTHER,MZ,12,many1258,Manyika,language
5,chinyakyusa,Q2OTHER,MW,10,nyak1260,Nyakyusa-Ngonde,language
5,chinyika,Q2OTHER,MW,10,nyik1246,Nyika (Malawi and Zambia),language
5,chitawala,Q2OTHER,MZ,12,tawa1270,Tawara,language
5,chitawala,Q2OTHER,ZW,20,,,
5,chitewe,Q2OTHER,MZ,12,tewe1238,Tewe,language
5,chitswa,Q2OTHER,MZ,12,tswa1255,Tswa,language
5,chokosi,Q2OTHER,GH,5,anuf1239,Anufo,language
5,cicoti,Q2OTHER,MZ,12,koti1238,Koti,language
5,daba,Q2OTHER,CM,26,nucl1683,Daba,language
5,dafing,Q2OTHER,BF,3,mark1256,Marka,language
5,dafing,Q2OTHER,ML,11,mark1256,Marka,language
5,dagaare,Q2OTHER,GH,5,sout2789,Central Dagaare,language
5,dagomba,Q2OTHER,GH,5,dagb1246,Dagbani,language
5,delta,Q2OTHER,NG,14,,,
5,diahanke,Q2OTHER,SN,15,west2500,Western Maninkakan,language
5,dibebi,Q2OTHER,GH,5,,,
5,dii,Q2OTHER,CM,26,diii1241,Dii,language
5,dinka,Q2OTHER,KE,6,,,
5,djanch,Q2OTHER,CM,26,,,
5,djem,Q2OTHER,CM,26,njye1238,Njyem,language
5,djimini,Q2OTHER,CI,27,djim1235,Djimini Senoufo,language
5,dogosse,Q2OTHER,BF,3,dogo1295,Dogosé,language
5,dombe,Q2OTHER,ZW,20,domb1246,Toka-Leya-Dombe,language
5,dschang,Q2OTHER,CM,26,yemb1246,Yemba,language
5,du,Q2OTHER,CM,26,,,
5,ebrie,Q2OTHER,CI,27,ebri1238,Ebrié,language
5,egbueuakaa,Q2OTHER,NG,14,,,
5,eggon,Q2OTHER,NG,14,eggo1239,Eggon,language
5,ehotile,Q2OTHER,CI,27,,,
5,ejagam,Q2OTHER,NG,14,ejag1239,Ejagham,language
5,ejagam,Q2OTHER,CM,26,ejag1239,Ejagham,language
5,ekpeye,Q2OTHER,NG,14,ekpe1253,Ekpeye,language
5,eleme,Q2OTHER,NG,14,elem1253,Eleme,language
5,english,Q2OTHER,MZ,12,stan1293,English,language
5,esimbi,Q2OTHER,CM,26,esim1238,Esimbi,language
5,esu,Q2OTHER,CM,26,,,
5,etsako,Q2OTHER,NG,14,yekh1238,Yekhee,language
5,ezi delta igbo,Q2OTHER,NG,14,nucl1417,Igbo,language
5,fakun,Q2OTHER,NG,14,,,
5,fante,Q2OTHER,GH,5,fant1241,Fante,dialect
5,fodo,Q2OTHER,BJ,1,,,
5,fon,Q2OTHER,TG,24,fonn1241,Fon,language
5,foulbe,Q2OTHER,CM,26,,,
5,frafra,Q2OTHER,GH,5,fare1241,Farefare,language
5,fulani,Q2OTHER,GH,5,maas1239,Maasina Fulfulde,language
5,gagou,Q2OTHER,CI,27,gagu1242,Gban,language
5,garwe,Q2OTHER,ZW,20,ndau1241,Ndau,language
5,gbagyi,Q2OTHER,NG,14,gbag1258,Gbagyi,language
5,gbile,Q2OTHER,NG,14,,,
5,geum,Q2OTHER,NG,14,,,
5,ghomala,Q2OTHER,CM,26,,,
5,giriama,Q2OTHER,KE,6,giry1241,Giryama,language
5,gizzigare,Q2OTHER,CM,26,,,
5,gniaboua,Q2OTHER,CI,27,,,
5,goba,Q2OTHER,ZM,19,shon1251,Shona,language
5,gonja,Q2OTHER,GH,5,gonj1241,Gonja,language
5,gouife,Q2OTHER,CM,26,,,
5,gourma,Q2OTHER,TG,24,gour1243,Gourmanchéma,language
5,gruni,Q2OTHER,GH,5,fare1241,Farefare,language
5,guan,Q2OTHER,GH,5,guaa1238,Gua,language
5,gujrathi,Q2OTHER,KE,6,guja1252,Gujarati,language
5,guruma,Q2OTHER,GH,5,bimo1239,Bimoba,language
5,gwandara,Q2OTHER,NG,14,gwan1268,Gwandara,language
5,gwari,Q2OTHER,NG,14,gbag1258,Gbagyi,language
5,gwoza,Q2OTHER,NG,14,,,
5,"half taita, half zai",Q2OTHER,KE,6,tait1250,Taita,language
5,hanga,Q2OTHER,GH,5,hang1258,Hanga,language
5,haoussa,Q2OTHER,BF,3,haus1257,Hausa,language
5,haoussa,Q2OTHER,TG,24,haus1257,Hausa,language
5,hassaniya,Q2OTHER,MA,33,hass1238,Hassaniyya,language
5,higgi,Q2OTHER,NG,14,kamw1239,Kamwe,language
5,hina,Q2OTHER,CM,26,mina1276,Mina (Cameroon),language
5,hindi,Q2OTHER,ZW,20,hind1269,Hindi,language
5,hindu,Q2OTHER,KE,6,hind1269,Hindi,language
5,houssa,Q2OTHER,BJ,1,haus1257,Hausa,language
5,hwesa,Q2OTHER,ZW,20,shon1251,Shona,language
5,ibaji,Q2OTHER,NG,14,igal1242,Igala,language
5,ibie,Q2OTHER,NG,14,,,
5,ijaw,Q2OTHER,NG,14,sout2774,Southeast Ijo,language
5,ika,Q2OTHER,NG,14,ikaa1238,Ika,language
5,ikom,Q2OTHER,NG,14,olul1245,Olulumo-Ikom,language
5,ikpena,Q2OTHER,NG,14,,,
5,indian,Q2OTHER,KE,6,guja1252,Gujarati,language
5,irigwe,Q2OTHER,NG,14,irig1241,Irigwe,language
5,isizulu,Q2OTHER,SZ,30,zulu1248,Zulu,language
5,isoko,Q2OTHER,NG,14,isok1239,Isoko,language
5,izere,Q2OTHER,NG,14,izer1241,Izere,language
5,jaba,Q2OTHER,NG,14,idun1241,Idun,language
5,jaja,Q2OTHER,NG,14,,,
5,jarawa,Q2OTHER,NG,14,jara1263,Jarawa (Nigeria),language
5,jenjo,Q2OTHER,NG,14,dzaa1238,Dza,language
5,jindwi,Q2OTHER,ZW,20,many1258,Manyika,language
5,jukum,Q2OTHER,CM,26,,,
5,jukun,Q2OTHER,NG,14,juku1254,Jukun Takum,language
5,kadara,Q2OTHER,NG,14,kada1284,Kadara,language
5,kagoma,Q2OTHER,NG,14,kago1247,Kagoma,language
5,kakabhe,Q2OTHER,GN,28,kaka1265,Kakabe,language
5,kakwa,Q2OTHER,UG,18,kakw1240,Kakwa,language
5,kalabari,Q2OTHER,NG,14,kala1381,Kalabari,language
5,kamboli,Q2OTHER,TG,24,,,
5,kambu,Q2OTHER,CM,26,,,
5,kangyang,Q2OTHER,CM,26,,,
5,kanjaga,Q2OTHER,GH,5,buli1254,Buli (Ghana),language
5,kanouri,Q2OTHER,CM,26,cent2050,Central Kanuri,language
5,karekare,Q2OTHER,NG,14,kare1348,Karekare,language
5,karmo,Q2OTHER,NG,14,,,
5,kasena,Q2OTHER,GH,5,kase1253,Kasem,language
5,kataf,Q2OTHER,NG,14,tyap1238,Tyap,language
5,kavango,Q2OTHER,NA,13,,,
5,kebu,Q2OTHER,UG,18,ndoo1242,Ndo,language
5,kebu.,Q2OTHER,UG,18,nnam1238,Nnam,language
5,kenyan,Q2OTHER,KE,6,swah1253,Swahili,language
5,keyka,Q2OTHER,CM,26,,,
5,khana,Q2OTHER,NG,14,khan1278,Khana,language
5,kiarusha,Q2OTHER,TZ,17,,,
5,kibena,Q2OTHER,TZ,17,bena1262,Bena (Tanzania),language
5,kibende,Q2OTHER,TZ,17,bend1258,Bende,language
5,kibondei,Q2OTHER,TZ,17,bond1247,Bondei,language
5,kibunga,Q2OTHER,TZ,17,,,
5,kibungu,Q2OTHER,TZ,17,bung1265,Bungu,language
5,kidoe,Q2OTHER,TZ,17,doee1238,Doe,language
5,kifipa,Q2OTHER,TZ,17,fipa1238,Fipa,language
5,kigindo,Q2OTHER,TZ,17,,,
5,kigunya,Q2OTHER,TZ,17,,,
5,kigweno,Q2OTHER,TZ,17,gwen1239,Gweno,language
5,kiha,Q2OTHER,TZ,17,haaa1252,Ha,language
5,kihangaza,Q2OTHER,TZ,17,hang1260,Hangaza,language
5,kiikizu,Q2OTHER,TZ,17,ikiz1238,Ikizu,language
5,kiiraq,Q2OTHER,TZ,17,iraq1241,Iraqw,language
5,kijaluo,Q2OTHER,TZ,17,,,
5,kijita,Q2OTHER,TZ,17,jita1239,Jita,language
5,kikagulu,Q2OTHER,TZ,17,kagu1239,Kagulu,language
5,kikaguru,Q2OTHER,TZ,17,,,
5,kikahe,Q2OTHER,TZ,17,kahe1238,Kahe,language
5,kikala,Q2OTHER,TZ,17,,,
5,kikamba,Q2OTHER,TZ,17,,,
5,kikerewe,Q2OTHER,TZ,17,kere1283,Kerewe,language
5,kikiizu,Q2OTHER,TZ,17,,,
5,kikinga,Q2OTHER,TZ,17,nucl1379,Kinga,language
5,kikisi,Q2OTHER,TZ,17,kisi1243,Kisi,language
5,kikutu,Q2OTHER,TZ,17,kutu1263,Kutu,language
5,kikwaya,Q2OTHER,TZ,17,kway1241,Kwaya,language
5,kilongo,Q2OTHER,TZ,17,,,
5,kiluri,Q2OTHER,TZ,17,,,
5,kimakua,Q2OTHER,TZ,17,makh1261,Makhuwa-Meetto,language
5,kimakunduchi,Q2OTHER,TZ,17,,,
5,kimalila,Q2OTHER,TZ,17,mali1279,Malila,language
5,kimambwe,Q2OTHER,TZ,17,mamb1296,Mambwe-Lungu,language
5,kimanda,Q2OTHER,TZ,17,mand1423,Manda-Matumba,language
5,kimatengo,Q2OTHER,TZ,17,mate1258,Matengo,language
5,kimatumbi,Q2OTHER,TZ,17,matu1259,Matumbi,language
5,kimbulu,Q2OTHER,TZ,17,,,
5,kimdale,Q2OTHER,TZ,17,,,
5,kimuani,Q2OTHER,MZ,12,mwan1247,Mwani,language
5,kimuwanji,Q2OTHER,TZ,17,vwan1235,Vwanji,language
5,kimwera,Q2OTHER,TZ,17,mwer1248,Mwera (Chimwera),language
5,kinata,Q2OTHER,TZ,17,ikom1245,Ikoma-Nata-Isenye,language
5,kindali,Q2OTHER,TZ,17,ndal1241,Ndali,language
5,kindamba,Q2OTHER,TZ,17,ndam1239,Ndamba,language
5,kindendeule,Q2OTHER,TZ,17,nden1249,Ndendeule,language
5,kindengereko,Q2OTHER,TZ,17,nden1248,Ndengereko,language
5,kingindo,Q2OTHER,TZ,17,ngin1244,Ngindo,language
5,kinguu,Q2OTHER,TZ,17,ngul1246,Ngulu,language
5,kinyagatwa,Q2OTHER,TZ,17,,,
5,kinyambo,Q2OTHER,TZ,17,nyam1277,Nyambo,language
5,kinyamulenge,Q2OTHER,UG,18,kiny1244,Kinyarwanda,language
5,kinyamwanga,Q2OTHER,TZ,17,nyam1275,Nyamwanga,language
5,kinyamwezi,Q2OTHER,TZ,17,nyam1276,Nyamwezi,language
5,kinyasa,Q2OTHER,TZ,17,mpot1240,Mpoto,language
5,kinyaturu,Q2OTHER,TZ,17,nyat1246,Nyaturu,language
5,kinyiha,Q2OTHER,TZ,17,nyik1247,Nyika (Tanzania),language
5,kipagebi,Q2OTHER,TZ,17,,,
5,kipangwa,Q2OTHER,TZ,17,pang1287,Pangwa,language
5,kipemba,Q2OTHER,TZ,17,pemb1239,Pemba,dialect
5,kipimbwe,Q2OTHER,TZ,17,pimb1238,Pimbwe,language
5,kipogoro,Q2OTHER,TZ,17,pogo1243,Pogolo,language
5,kirangi,Q2OTHER,TZ,17,lang1320,Langi,language
5,kirinyaga,Q2OTHER,KE,6,kiku1240,Kikuyu,language
5,kirufiji,Q2OTHER,TZ,17,rufi1236,Rufijic,family
5,kisafwa,Q2OTHER,TZ,17,safw1238,Safwa,language
5,kisagala,Q2OTHER,TZ,17,saga1256,Sagala,language
5,kisambaa,Q2OTHER,TZ,17,sham1280,Shambala,language
5,kisandawe,Q2OTHER,TZ,17,sand1273,Sandawe,language
5,kisangu,Q2OTHER,TZ,17,sang1330,Sangu (Tanzania),language
5,kisanzu,Q2OTHER,TZ,17,isan1243,Isanzu,language
5,kishirazi,Q2OTHER,TZ,17,,,
5,kisimbiti,Q2OTHER,TZ,17,suba1252,Suba-Simbiti,language
5,kisubi,Q2OTHER,TZ,17,shub1238,Shubi,language
5,kisumbwa,Q2OTHER,TZ,17,sumb1240,Sumbwa,language
5,kisunva,Q2OTHER,TZ,17,,,
5,kiswahili,Q2OTHER,TZ,17,swah1253,Swahili,language
5,kitatuu,Q2OTHER,TZ,17,,,
5,kitongwe,Q2OTHER,TZ,17,tong1320,Tongwe,language
5,kitumbatu,Q2OTHER,TZ,17,,,
5,kituwan,Q2OTHER,TZ,17,,,
5,kiuwanji,Q2OTHER,TZ,17,vwan1235,Vwanji,language
5,kiyao,Q2OTHER,TZ,17,yaoo1241,Yao,language
5,kiyusi,Q2OTHER,TZ,17,gusi1247,Gusii,language
5,kizanaki,Q2OTHER,TZ,17,zana1238,Zanaki,language
5,kizaramo,Q2OTHER,TZ,17,zara1247,Zaramo,language
5,kizigua,Q2OTHER,TZ,17,zigu1242,Zigula,language
5,kizinza,Q2OTHER,TZ,17,zinz1238,Zinza,language
5,klum,Q2OTHER,CM,26,,,
5,kom,Q2OTHER,CM,26,mfum1238,Southern Mfumte,language
5,komkomba,Q2OTHER,TG,24,,,
5,konkomba,Q2OTHER,GH,5,konk1269,Konkomba,language
5,konkomba,Q2OTHER,TG,24,konk1269,Konkomba,language
5,koro,Q2OTHER,NG,14,koro1301,Koroic,family
5,koro,Q2OTHER,CI,27,koro1306,Koro (Côte d'Ivoire),language
5,koshin,Q2OTHER,CM,26,kosh1246,Koshin,language
5,kotocoli,Q2OTHER,BJ,1,,,
5,kotokoli,Q2OTHER,GH,5,temm1241,Tem,language
5,kouloumi,Q2OTHER,TG,24,,,
5,koura,Q2OTHER,BJ,1,,,
5,kouranko,Q2OTHER,GN,28,kura1250,Kuranko,language
5,koussountou,Q2OTHER,TG,24,bago1245,Bago-Kusuntu,language
5,kouya,Q2OTHER,CI,27,kouy1238,Kouya,language
5,kouzie,Q2OTHER,CI,27,nyab1255,Nyabwa,language
5,koyaka,Q2OTHER,CI,27,koya1253,Koyaga,language
5,kpessi,Q2OTHER,TG,24,kpes1238,Kpessi,language
5,krachi,Q2OTHER,GH,5,krac1238,Krache,language
5,krobo,Q2OTHER,GH,5,adan1247,Adangme,language
5,kumam,Q2OTHER,UG,18,kuma1275,Kumam,language
5,kurama,Q2OTHER,NG,14,kura1249,Kurama,language
5,kuria,Q2OTHER,KE,6,kuri1259,Kuria,language
5,kusaasi,Q2OTHER,GH,5,kusa1250,Kusaal,language
5,kusal,Q2OTHER,GH,5,kusa1250,Kusaal,language
5,kuteb,Q2OTHER,NG,14,kute1248,Kutep,language
5,laka,Q2OTHER,CM,26,,,
5,lakpakaw,Q2OTHER,GH,5,konk1269,Konkomba,language
5,landouma,Q2OTHER,GN,28,land1256,Landoma,language
5,lebialem,Q2OTHER,CM,26,,,
5,lele,Q2OTHER,CM,26,,,
5,lemande,Q2OTHER,CM,26,noma1260,Nomaande,language
5,lendu,Q2OTHER,UG,18,lend1245,Lendu,language
5,limbum,Q2OTHER,CM,26,limb1268,Limbum,language
5,limbun,Q2OTHER,CM,26,,,
5,lolo,Q2OTHER,MZ,12,lolo1261,Lolo,language
5,lomwe,Q2OTHER,MZ,12,lomw1241,Mozambique Lomwe,language
5,luba,Q2OTHER,ZM,19,,,
5,lubukusu,Q2OTHER,UG,18,buku1249,Bukusu,language
5,luchazi,Q2OTHER,ZM,19,luch1239,Luchazi,language
5,lufubila,Q2OTHER,UG,18,kiny1244,Kinyarwanda,language
5,lufumbira,Q2OTHER,UG,18,kiny1244,Kinyarwanda,language
5,lugisu,Q2OTHER,UG,18,masa1299,Masaaba,language
5,lugwere,Q2OTHER,UG,18,gwer1238,Gwere,language
5,lukene,Q2OTHER,UG,18,keny1278,Kenyi,language
5,lukuku,Q2OTHER,UG,18,bari1284,Bari,language
5,lulamogi,Q2OTHER,UG,18,soga1242,Soga,language
5,lululi,Q2OTHER,UG,18,ruul1235,Ruuli,language
5,lumwe,Q2OTHER,MZ,12,lomw1241,Mozambique Lomwe,language
5,lunyarwanda,Q2OTHER,UG,18,kiny1244,Kinyarwanda,language
5,luruli,Q2OTHER,UG,18,ruul1235,Ruuli,language
5,lurundi,Q2OTHER,UG,18,rund1242,Rundi,language
5,lusudan,Q2OTHER,UG,18,suda1236,Sudanese Arabic,language
5,lusudani,Q2OTHER,UG,18,suda1236,Sudanese Arabic,language
5,lutu,Q2OTHER,CM,26,,,
5,lwamba,Q2OTHER,UG,18,amba1263,Amba (Uganda),language
5,mada,Q2OTHER,NG,14,mada1282,Mada (Nigeria),language
5,mada,Q2OTHER,CM,26,mada1293,Mada (Cameroon),language
5,magu,Q2OTHER,NG,14,mvan1238,Mvano,language
5,mahouka,Q2OTHER,CI,27,maho1249,Mahou,language
5,malimba,Q2OTHER,CM,26,mali1280,Malimba,language
5,mambila,Q2OTHER,CM,26,,,
5,mampruli,Q2OTHER,GH,5,mamp1244,Mampruli,language
5,mandara,Q2OTHER,CM,26,wand1278,Wandala,language
5,mandoua,Q2OTHER,CM,26,,,
5,manguissa,Q2OTHER,CM,26,,,
5,manhawa,Q2OTHER,MZ,12,,,
5,mankagne,Q2OTHER,SN,15,,,
5,marachi,Q2OTHER,KE,6,mara1393,Marachi,language
5,margi,Q2OTHER,NG,14,marg1265,Marghi Central,language
5,maungwe,Q2OTHER,ZW,20,,,
5,maure,Q2OTHER,SN,15,,,
5,mbatto,Q2OTHER,CI,27,mbat1247,Mbato,language
5,mbeere,Q2OTHER,KE,6,embu1241,Embu,language
5,mbem,Q2OTHER,CM,26,yamb1251,Yamba,language
5,mbo,Q2OTHER,CM,26,mboc1235,Mbo (Cameroon),language
5,mbu,Q2OTHER,CM,26,ngam1267,Ngamambo,language
5,mbube,Q2OTHER,NG,14,,,
5,medoumba,Q2OTHER,CM,26,,,
5,mefewele,Q2OTHER,CM,26,,,
5,mekaf,Q2OTHER,CM,26,naki1238,Naki,language
5,mendakwe,Q2OTHER,CM,26,,,
5,menka,Q2OTHER,CM,26,piny1238,Pinyin,language
5,mesagie,Q2OTHER,CM,26,,,
5,meta,Q2OTHER,CM,26,,,
5,metu,Q2OTHER,CM,26,,,
5,mezime,Q2OTHER,CM,26,mpon1254,Mpongmpong,language
5,michika,Q2OTHER,NG,14,,,
5,migili,Q2OTHER,NG,14,liji1238,Lijili,language
5,miguiforet,Q2OTHER,GN,28,mixi1241,Mixifore,language
5,mionga,Q2OTHER,BF,3,,,
5,miyawa,Q2OTHER,NG,14,miya1266,Miya,language
5,mlemba,Q2OTHER,ZW,20,,,
5,mockbie,Q2OTHER,CM,26,,,
5,mokaa,Q2OTHER,BW,2,,,
5,moshie,Q2OTHER,GH,5,moss1236,Mossi,language
5,mossi,Q2OTHER,TG,24,moss1236,Mossi,language
5,mousgoum,Q2OTHER,CM,26,musg1254,Musgu,language
5,mozeuille,Q2OTHER,CM,26,,,
5,mpongo,Q2OTHER,CM,26,,,
5,mubwisi,Q2OTHER,UG,18,tali1258,Talinga-Bwisi,language
5,mufumbira,Q2OTHER,UG,18,kiny1244,Kinyarwanda,language
5,mugishu,Q2OTHER,UG,18,masa1299,Masaaba,language
5,mugungu,Q2OTHER,UG,18,gung1250,Gungu,language
5,muhera,Q2OTHER,ZW,20,,,
5,mulambya,Q2OTHER,ZM,19,,,
5,mululi,Q2OTHER,UG,18,ruul1235,Ruuli,language
5,mulundi,Q2OTHER,UG,18,rund1242,Rundi,language
5,mumba,Q2OTHER,ZM,19,,,
5,mumuye,Q2OTHER,NG,14,nucl1240,Mumuye,language
5,mundani,Q2OTHER,CM,26,mund1327,Mundani,language
5,munyarwanda,Q2OTHER,UG,18,kiny1244,Kinyarwanda,language
5,mupun,Q2OTHER,NG,14,mwag1236,Mwaghavul,language
5,muruli,Q2OTHER,UG,18,ruul1235,Ruuli,language
5,musungora,Q2OTHER,UG,18,konz1239,Konzo,language
5,mutagwenda,Q2OTHER,UG,18,nyor1246,Nyoro,language
5,mutgwenda,Q2OTHER,UG,18,nyor1246,Nyoro,language
5,mwaghavul,Q2OTHER,NG,14,mwag1236,Mwaghavul,language
5,mwamba,Q2OTHER,UG,18,amba1263,Amba (Uganda),language
5,nabdam,Q2OTHER,GH,5,fare1241,Farefare,language
5,nallou,Q2OTHER,GN,28,nalu1240,Nalu,language
5,nambiya,Q2OTHER,ZW,20,,,
5,nanumba,Q2OTHER,GH,5,dagb1246,Dagbani,language
5,natimba,Q2OTHER,BJ,1,nate1242,Nateni,language
5,nawurt,Q2OTHER,GH,5,,,
5,nbula,Q2OTHER,NG,14,ndoo1241,Ndoola,language
5,nchang,Q2OTHER,CM,26,,,
5,ndebele,Q2OTHER,ZM,19,nort2795,Zimbabwean Ndebele,language
5,ndi,Q2OTHER,CM,26,wawa1246,Wawa,language
5,neyo,Q2OTHER,CI,27,wewe1238,Wè Western,language
5,ngam-gam,Q2OTHER,TG,24,ngan1299,Ngangam,language
5,ngas,Q2OTHER,NG,14,ngas1240,Ngas,language
5,ngemba,Q2OTHER,CM,26,ngem1255,Ngemba,language
5,ngi,Q2OTHER,CM,26,ngie1242,Ngie,language
5,ngoa,Q2OTHER,CM,26,,,
5,ngobale,Q2OTHER,CM,26,,,
5,ngwoh,Q2OTHER,CM,26,,,
5,nharinga,Q2OTHER,MZ,12,,,
5,nigili,Q2OTHER,NG,14,liji1238,Lijili,language
5,ningawa,Q2OTHER,NG,14,,,
5,nkambe,Q2OTHER,CM,26,,,
5,nkura,Q2OTHER,GH,5,kula1277,Kulango,family
5,nlimbom,Q2OTHER,CM,26,,,
5,north ivie,Q2OTHER,NG,14,,,
5,nsenga,Q2OTHER,MZ,12,nsen1242,Nsenga,language
5,ntem,Q2OTHER,CM,26,,,
5,ntenako,Q2OTHER,CM,26,,,
5,nubian,Q2OTHER,KE,6,nubi1253,Nubi,language
5,nusu,Q2OTHER,GH,5,,,
5,nweh,Q2OTHER,CM,26,ngwe1238,Ngwe,language
5,nyanja,Q2OTHER,ZW,20,nyan1308,Nyanja,language
5,nyasaland,Q2OTHER,ZW,20,nyas1241,Nyasa,dialect
5,nyemba,Q2OTHER,NA,13,,,
5,nyokon,Q2OTHER,CM,26,nyok1243,Nyokon,language
5,nzema,Q2OTHER,GH,5,nzim1238,Nzima,language
5,nzime,Q2OTHER,CM,26,koon1245,Koonzime,language
5,obang,Q2OTHER,CM,26,ejag1239,Ejagham,language
5,ogoja,Q2OTHER,NG,14,,,
5,ohafia,Q2OTHER,NG,14,nucl1417,Igbo,language
5,okebu,Q2OTHER,UG,18,ndoo1242,Ndo,language
5,okpe,Q2OTHER,NG,14,okpe1249,Okpe (Northwestern Edo),language
5,okpella,Q2OTHER,NG,14,ivbi1241,Ivbie North-Okpela-Arhe,language
5,okrika,Q2OTHER,NG,14,kiri1254,Kirike,language
5,oku,Q2OTHER,CM,26,okuu1243,Oku,language
5,olukumi,Q2OTHER,NG,14,,,
5,ombach,Q2OTHER,UG,18,,,
5,once,Q2OTHER,NG,14,,,
5,oroko,Q2OTHER,CM,26,orok1266,Oroko,language
5,oroma,Q2OTHER,KE,6,orma1241,Orma,language
5,oshe,Q2OTHER,CM,26,,,
5,ososo,Q2OTHER,NG,14,osos1238,Ososo,language
5,parakarungu,Q2OTHER,BW,2,,,
5,pepele,Q2OTHER,SN,15,,,
5,peul,Q2OTHER,TG,24,borg1235,Borgu Fulfulde,language
5,peulh,Q2OTHER,CM,26,adam1253,Adamawa Fulfulde,language
5,pokomo,Q2OTHER,KE,6,poko1261,Pokomo,language
5,portugais,Q2OTHER,SN,15,port1283,Portuguese,language
5,punjabi,Q2OTHER,KE,6,panj1256,Eastern Panjabi,language
5,rendile,Q2OTHER,KE,6,rend1243,Rendille,language
5,ron,Q2OTHER,NG,14,ronn1241,Ron,language
5,ronga,Q2OTHER,MZ,12,rong1268,Ronga,language
5,rufumbira,Q2OTHER,UG,18,kiny1244,Kinyarwanda,language
5,rugisu,Q2OTHER,UG,18,kiny1244,Kinyarwanda,language
5,rululi,Q2OTHER,UG,18,ruul1235,Ruuli,language
5,rumbundu,Q2OTHER,NA,13,umbu1257,Umbundu,language
5,runyarwanda,Q2OTHER,UG,18,kiny1244,Kinyarwanda,language
5,rutagwenda,Q2OTHER,UG,18,nyor1246,Nyoro,language
5,sabaot,Q2OTHER,KE,6,saba1262,Sabaot,language
5,sambla,Q2OTHER,BF,3,seek1238,Seeku,language
5,samoro,Q2OTHER,CI,27,,,
5,sanaga,Q2OTHER,CM,26,tuki1240,Tuki,language
5,sapo,Q2OTHER,LR,8,sapo1251,Sapo,language
5,sayawa,Q2OTHER,NG,14,saya1246,Saya,language
5,sebanderu,Q2OTHER,BW,2,,,
5,sebolongwe,Q2OTHER,BW,2,,,
5,sekolong,Q2OTHER,BW,2,,,
5,senanjwa,Q2OTHER,BW,2,,,
5,sepedi,Q2OTHER,BW,2,pedi1238,Pedi,language
5,setebele,Q2OTHER,BW,2,nort2795,Zimbabwean Ndebele,language
5,setlharo,Q2OTHER,BW,2,,,
5,setswapong,Q2OTHER,BW,2,tswa1237,Tswapong,language
5,shangani,Q2OTHER,ZW,20,tson1249,Tsonga,language
5,shangwe,Q2OTHER,ZW,20,shon1251,Shona,language
5,shelshel,Q2OTHER,KE,6,,,
5,shila,Q2OTHER,ZM,19,taab1238,Taabwa,language
5,shona,Q2OTHER,NA,13,,,
5,shona,Q2OTHER,ZM,19,shon1251,Shona,language
5,shuwa,Q2OTHER,NG,14,chad1249,Chadian Arabic,language
5,siluchazi,Q2OTHER,ZM,19,,,
5,sirka,Q2OTHER,TG,24,,,
5,sissala,Q2OTHER,GH,5,sisa1248,Sisaala,family
5,sizulu,Q2OTHER,SZ,30,zulu1248,Zulu,language
5,sokouya,Q2OTHER,CI,27,,,
5,sola,Q2OTHER,TG,24,miyo1238,Miyobe,language
5,sotho,Q2OTHER,ZW,20,pedi1238,Pedi,language
5,soussou,Q2OTHER,SN,15,susu1250,Susu,language
5,suba,Q2OTHER,KE,6,suba1238,Suba,language
5,swahili,Q2OTHER,UG,18,swah1253,Swahili,language
5,swaka,Q2OTHER,ZM,19,lala1264,Lala-Bisa,language
5,tacuane,Q2OTHER,MZ,12,takw1238,Takwane,language
5,tagbana,Q2OTHER,CI,27,tagw1240,Tagwana Senoufo,language
5,talensi,Q2OTHER,GH,5,fare1241,Farefare,language
5,tamazight,Q2OTHER,DZ,31,kaby1243,Kabyle,language
5,tamazight,Q2OTHER,MA,33,stan1324,Standard Moroccan Tamazight,dialect
5,tangale,Q2OTHER,NG,14,nucl1696,Tangale,language
5,tanzanian,Q2OTHER,UG,18,swah1253,Swahili,language
5,tarok,Q2OTHER,NG,14,taro1263,Tarok,language
5,tchamba,Q2OTHER,TG,24,akas1242,Akaselem,language
5,tchang,Q2OTHER,CM,26,yemb1246,Yemba,language
5,tchokossi,Q2OTHER,TG,24,anuf1239,Anufo,language
5,temberma,Q2OTHER,TG,24,,,
5,teninka,Q2OTHER,CI,27,,,
5,teso,Q2OTHER,KE,6,teso1249,Teso,language
5,tharaka,Q2OTHER,KE,6,thar1283,Tharaka,language
5,timbru,Q2OTHER,GH,5,,,
5,tiv,Q2OTHER,NG,14,tivv1240,Tiv,language
5,toma mania,Q2OTHER,GN,28,toma1245,Toma,language
5,tombolon,Q2OTHER,GH,5,tamp1252,Tampulma,language
5,tourka,Q2OTHER,SN,15,,,
5,toussian,Q2OTHER,BF,3,,,
5,tsonga,Q2OTHER,ZA,16,tson1249,Tsonga,language
5,tsonga,Q2OTHER,SZ,30,tson1249,Tsonga,language
5,tumbuka,Q2OTHER,ZW,20,,,
5,turka,Q2OTHER,BF,3,turk1306,Turka,language
5,ukwale,Q2OTHER,NG,14,ukwu1241,Ukwuani-Aboh-Ndoni,language
5,ukwani,Q2OTHER,NG,14,ukwu1241,Ukwuani-Aboh-Ndoni,language
5,uwa,Q2OTHER,NG,14,,,
5,uzeba,Q2OTHER,NG,14,,,
5,vhitori,Q2OTHER,ZW,20,,,
5,waala,Q2OTHER,GH,5,wali1263,Wali (Ghana),language
5,waama,Q2OTHER,BJ,1,waam1244,Waama,language
5,wandala,Q2OTHER,CM,26,wand1278,Wandala,language
5,wangra,Q2OTHER,GH,5,,,
5,wardei,Q2OTHER,KE,6,soma1255,Somali,language
5,watchi,Q2OTHER,TG,24,,,
5,weh,Q2OTHER,CM,26,wehh1238,Weh,language
5,widikum,Q2OTHER,CM,26,,,
5,wimbum,Q2OTHER,CM,26,limb1268,Limbum,language
5,wobe,Q2OTHER,CI,27,weno1238,Wobe-Wè Northern,language
5,wome,Q2OTHER,GN,28,,,
5,womela,Q2OTHER,CM,26,,,
5,xhosa,Q2OTHER,LS,7,xhos1239,Xhosa,language
5,xhosa,Q2OTHER,ZW,20,xhos1239,Xhosa,language
5,yakhor,Q2OTHER,NG,14,loka1252,Lokaa,language
5,yanan,Q2OTHER,BF,3,,,
5,yao,Q2OTHER,MZ,12,yaoo1241,Yao,language
5,yawa,Q2OTHER,ZM,19,,,
5,yorouba,Q2OTHER,TG,24,yoru1245,Yoruba,language
5,youm,Q2OTHER,NG,14,,,
5,zamji,Q2OTHER,NG,14,,,
5,zamrama,Q2OTHER,GH,5,,,
5,zembas,Q2OTHER,NA,13,zemb1238,Zemba,language
5,zerma,Q2OTHER,BJ,1,,,
5,zinninga,Q2OTHER,CI,27,,,
5,zoulgo,Q2OTHER,CM,26,zulg1242,Zulgo-Gemzek,language
5,zulu,Q2OTHER,SZ,30,zulu1248,Zulu,language
5,zuro,Q2OTHER,NG,14,clel1238,C'lela,language
6,ada,Q103OTHER,GH,11,adan1247,Adangme,language
6,angolan,Q103OTHER,ST,25,ango1258,Angolar,language
6,angulares,Q103OTHER,ST,25,ango1258,Angolar,language
6,anyinam,Q103OTHER,GH,11,anyi1245,Anyin,language
6,bimoba,Q103OTHER,GH,11,bimo1239,Bimoba,language
6,bisa,Q103OTHER,ZM,35,lala1264,Lala-Bisa,language
6,bitonga,Q103OTHER,MZ,21,gito1238,Gitonga,language
6,buzanga,Q103OTHER,GH,11,,,
6,caboverdiano,Q103OTHER,ST,25,kabu1256,Kabuverdianu,language
6,chape,Q103OTHER,MZ,21,chop1243,Chopi,language
6,chilambya,Q103OTHER,MW,17,lamb1272,Lambya,language
6,chinkhonde,Q103OTHER,MW,17,nyak1260,Nyakyusa-Ngonde,language
6,chiteye,Q103OTHER,MZ,21,tewe1238,Tewe,language
6,chitonga,Q103OTHER,MW,17,tong1321,Tonga (Nyasa),language
6,chiyao,Q103OTHER,MW,17,yaoo1241,Yao,language
6,chona,Q103OTHER,MZ,21,,,
6,chongo,Q103OTHER,MZ,21,,,
6,chope,Q103OTHER,MZ,21,chop1243,Chopi,language
6,chuabo,Q103OTHER,MZ,21,chuw1238,Chuwabu,language
6,dagaari,Q103OTHER,GH,11,sout2789,Central Dagaare,language
6,dagaarti,Q103OTHER,GH,11,sout2789,Central Dagaare,language
6,ewe,Q103OTHER,TG,32,ewee1241,Ewe,language
6,foro,Q103OTHER,ST,25,saot1239,Sãotomense,language
6,forro,Q103OTHER,ST,25,saot1239,Sãotomense,language
6,frafra,Q103OTHER,GH,11,fare1241,Farefare,language
6,francais,Q103OTHER,GN,12,stan1290,French,language
6,francais,Q103OTHER,SN,26,stan1290,French,language
6,francais,Q103OTHER,TG,32,stan1290,French,language
6,francaise,Q103OTHER,GN,12,stan1290,French,language
6,french,Q103OTHER,GH,11,stan1290,French,language
6,french,Q103OTHER,TN,33,stan1290,French,language
6,fullah,Q103OTHER,SL,27,pula1262,Pular,language
6,ghemba,Q103OTHER,CM,6,,,
6,gonja,Q103OTHER,GH,11,gonj1241,Gonja,language
6,gruni,Q103OTHER,GH,11,fare1241,Farefare,language
6,grushi,Q103OTHER,GH,11,kase1253,Kasem,language
6,guerze,Q103OTHER,GN,12,guin1254,Guinea Kpelle,language
6,kaakye,Q103OTHER,GH,11,krac1238,Krache,language
6,kabye,Q103OTHER,TG,32,kabi1261,Kabiyé,language
6,kakwa,Q103OTHER,UG,34,kakw1240,Kakwa,language
6,kapsabinyi,Q103OTHER,UG,34,kups1238,Kupsabiny,language
6,khoisan,Q103OTHER,ZA,28,nama1264,Nama (Namibia),language
6,kissi,Q103OTHER,SL,27,kiss1245,Kissi,family
6,kokomba,Q103OTHER,GH,11,konk1269,Konkomba,language
6,kotoko,Q103OTHER,CM,6,,,
6,kotokoli,Q103OTHER,GH,11,temm1241,Tem,language
6,krobo,Q103OTHER,GH,11,adan1247,Adangme,language
6,kupsabinyi,Q103OTHER,UG,34,kups1238,Kupsabiny,language
6,kusaasi,Q103OTHER,GH,11,kusa1250,Kusaal,language
6,kusal,Q103OTHER,GH,11,kusa1250,Kusaal,language
6,ligote,Q103OTHER,MZ,21,,,
6,logote,Q103OTHER,MZ,21,,,
6,lugwere,Q103OTHER,UG,34,gwer1238,Gwere,language
6,lunyole,Q103OTHER,UG,34,nyol1238,Nyole,language
6,lusamia,Q103OTHER,UG,34,saam1283,Saamia,language
6,mada,Q103OTHER,CM,6,mada1293,Mada (Cameroon),language
6,mafa,Q103OTHER,CM,6,mafa1239,Mafa,language
6,mamprusi,Q103OTHER,GH,11,mamp1244,Mampruli,language
6,manhungue,Q103OTHER,MZ,21,many1258,Manyika,language
6,mano,Q103OTHER,GN,12,mann1248,Mann,language
6,maronga,Q103OTHER,MZ,21,rong1268,Ronga,language
6,maure,Q103OTHER,SN,26,,,
6,mo,Q103OTHER,GH,11,degg1238,Deg,language
6,mossi,Q103OTHER,GH,11,moss1236,Mossi,language
6,moundang,Q103OTHER,CM,6,mund1325,Mundang,language
6,nankan,Q103OTHER,GH,11,fare1241,Farefare,language
6,ndebela,Q103OTHER,ZA,28,sout2808,Sumayela Ndebele,language
6,ngakarimajong,Q103OTHER,UG,34,kara1483,Karamojong,language
6,nhungue,Q103OTHER,MZ,21,nyun1248,Nyungwe,language
6,nsenga,Q103OTHER,ZM,35,nsen1242,Nsenga,language
6,outra lingua,Q103OTHER,MZ,21,,,
6,outras linguas,Q103OTHER,MZ,21,,,
6,pedi,Q103OTHER,ZA,28,pedi1238,Pedi,language
6,poetugues e xitsua,Q103OTHER,MZ,21,port1283,Portuguese,language
6,portugues e outras linguas,Q103OTHER,MZ,21,port1283,Portuguese,language
6,portugues e sena,Q103OTHER,MZ,21,port1283,Portuguese,language
6,rufumbira,Q103OTHER,UG,34,kiny1244,Kinyarwanda,language
6,runyarwanda,Q103OTHER,UG,34,kiny1244,Kinyarwanda,language
6,sena,Q103OTHER,MZ,21,nucl1396,Sena,language
6,sena e portugues,Q103OTHER,MZ,21,nucl1396,Sena,language
6,serere,Q103OTHER,SN,26,sere1260,Sereer,language
6,setsonga,Q103OTHER,ZA,28,tson1249,Tsonga,language
6,sissala,Q103OTHER,GH,11,sisa1248,Sisaala,family
6,siswati,Q103OTHER,ZA,28,swat1243,Swati,language
6,siswazi,Q103OTHER,ZA,28,swat1243,Swati,language
6,soussou,Q103OTHER,GN,12,susu1250,Susu,language
6,swazi,Q103OTHER,ZA,28,swat1243,Swati,language
6,tamazight,Q103OTHER,MA,20,stan1324,Standard Moroccan Tamazight,dialect
6,tewe,Q103OTHER,MZ,21,tewe1238,Tewe,language
6,toma,Q103OTHER,GN,12,toma1245,Toma,language
6,tsonga,Q103OTHER,ZA,28,tson1249,Tsonga,language
6,tumbka,Q103OTHER,ZM,35,,,
6,waala,Q103OTHER,GH,11,wali1263,Wali (Ghana),language
6,wangara,Q103OTHER,GH,11,,,
6,wulisa,Q103OTHER,GH,11,,,
6,xitsonga,Q103OTHER,ZA,28,tson1249,Tsonga,language
6,xitsua,Q103OTHER,MZ,21,tswa1255,Tswa,language
6,xitswa,Q103OTHER,MZ,21,tswa1255,Tswa,language
6,xtsonga,Q103OTHER,ZA,28,tson1249,Tsonga,language
6,zulu,Q103OTHER,SZ,30,zulu1248,Zulu,language
6,bafoussam,Q116OTHER,CM,6,,,
6,baga,Q116OTHER,GN,12,baga1275,Baga Mboteni-Binari,language
6,bajju,Q116OTHER,NG,24,jjuu1238,Jju,language
6,bamileke,Q116OTHER,CM,6,,,
6,bandawa,Q116OTHER,NG,24,shoo1247,Shoo-Minda-Nye,language
6,bassa,Q116OTHER,CM,6,basa1284,Basa (Cameroon),language
6,bene,Q116OTHER,CM,6,bulu1251,Bulu (Cameroon),language
6,birom,Q116OTHER,NG,24,bero1242,Berom,language
6,bujja,Q116OTHER,NG,24,,,
6,buju,Q116OTHER,NG,24,,,
6,chamawa,Q116OTHER,NG,24,,,
6,dagaare,Q116OTHER,GH,11,sout2789,Central Dagaare,language
6,eggon,Q116OTHER,NG,24,eggo1239,Eggon,language
6,eton,Q116OTHER,CM,6,eton1253,Eton-Mengisa,language
6,etsako,Q116OTHER,NG,24,yekh1238,Yekhee,language
6,gbagyi,Q116OTHER,NG,24,gbag1258,Gbagyi,language
6,gonja,Q116OTHER,GH,11,gonj1241,Gonja,language
6,gwandara,Q116OTHER,NG,24,gwan1268,Gwandara,language
6,igede,Q116OTHER,NG,24,iged1239,Igede,language
6,kabba,Q116OTHER,NG,24,mbon1253,Mbongno,language
6,kabba/bunu,Q116OTHER,NG,24,mbon1253,Mbongno,language
6,kalabari,Q116OTHER,NG,24,kala1381,Kalabari,language
6,kasem,Q116OTHER,GH,11,kase1253,Kasem,language
6,kiha,Q116OTHER,TZ,31,haaa1252,Ha,language
6,kijaluo,Q116OTHER,TZ,31,,,
6,kikinga,Q116OTHER,TZ,31,nucl1379,Kinga,language
6,kindamba,Q116OTHER,TZ,31,ndam1239,Ndamba,language
6,kiruri,Q116OTHER,TZ,31,kway1241,Kwaya,language
6,kizanaki,Q116OTHER,TZ,31,zana1238,Zanaki,language
6,kokomba,Q116OTHER,GH,11,konk1269,Konkomba,language
6,kotokoli,Q116OTHER,GH,11,temm1241,Tem,language
6,lemoro,Q116OTHER,NG,24,lemo1242,Lemoro,language
6,likpakpaln,Q116OTHER,GH,11,konk1269,Konkomba,language
6,maghai,Q116OTHER,NG,24,maak1236,Maaka,language
6,maure,Q116OTHER,SN,26,,,
6,mbo,Q116OTHER,CM,6,mboc1235,Mbo (Cameroon),language
6,moshie,Q116OTHER,GH,11,moss1236,Mossi,language
6,moundang,Q116OTHER,CM,6,mund1325,Mundang,language
6,mumuye,Q116OTHER,NG,24,nucl1240,Mumuye,language
6,mwaghavul,Q116OTHER,NG,24,mwag1236,Mwaghavul,language
6,myungue,Q116OTHER,MZ,21,nyun1248,Nyungwe,language
6,ndola,Q116OTHER,NG,24,ndoo1241,Ndoola,language
6,ngas,Q116OTHER,NG,24,ngas1240,Ngas,language
6,ngungue,Q116OTHER,MZ,21,nyun1248,Nyungwe,language
6,nhumgue,Q116OTHER,MZ,21,nyun1248,Nyungwe,language
6,nhungue,Q116OTHER,MZ,21,nyun1248,Nyungwe,language
6,nhunguem,Q116OTHER,MZ,21,nyun1248,Nyungwe,language
6,nhungwe,Q116OTHER,MZ,21,nyun1248,Nyungwe,language
6,njumgue,Q116OTHER,MZ,21,nyun1248,Nyungwe,language
6,njungue,Q116OTHER,MZ,21,nyun1248,Nyungwe,language
6,njungur,Q116OTHER,MZ,21,nyun1248,Nyungwe,language
6,nkwen,Q116OTHER,CM,6,mend1261,Mendankwe-Nkwen,language
6,ntoumou,Q116OTHER,CM,6,fang1246,Fang (Equatorial Guinea),language
6,nyhungue,Q116OTHER,MZ,21,nyun1248,Nyungwe,language
6,nyugue,Q116OTHER,MZ,21,nyun1248,Nyungwe,language
6,nyunge,Q116OTHER,MZ,21,nyun1248,Nyungwe,language
6,nyungue,Q116OTHER,MZ,21,nyun1248,Nyungwe,language
6,nyungwe,Q116OTHER,MZ,21,nyun1248,Nyungwe,language
6,nyyngue,Q116OTHER,MZ,21,nyun1248,Nyungwe,language
6,portuguese,Q116OTHER,ZA,28,port1283,Portuguese,language
6,sisaala,Q116OTHER,GH,11,sisa1248,Sisaala,family
6,tour,Q116OTHER,CI,8,,,
6,tukun,Q116OTHER,NG,24,tigo1236,Tigon Mbembe,language
6,umone,Q116OTHER,NG,24,umon1238,Umon,language
6,waala,Q116OTHER,GH,11,wali1263,Wali (Ghana),language
6,zuru,Q116OTHER,NG,24,clel1238,C'lela,language
6,abidji,Q2OTHER,CI,8,abid1235,Abidji,language
6,aboure,Q2OTHER,CI,8,abur1243,Abure,language
6,ada,Q2OTHER,GH,11,adan1247,Adangme,language
6,adara,Q2OTHER,NG,24,kada1284,Kadara,language
6,adele,Q2OTHER,GH,11,adel1244,Adele,language
6,adele,Q2OTHER,TG,32,adel1244,Adele,language
6,aghem,Q2OTHER,CM,6,aghe1239,Aghem,language
6,ahanta,Q2OTHER,GH,11,ahan1243,Ahanta,language
6,ajuran,Q2OTHER,KE,13,,,
6,akosse,Q2OTHER,CM,6,,,
6,akyode,Q2OTHER,GH,11,giky1238,Gikyode,language
6,alago,Q2OTHER,NG,24,alag1242,Alago,language
6,alladjan,Q2OTHER,CI,8,,,
6,ambele,Q2OTHER,CM,6,ambe1247,Ambele,language
6,andoh,Q2OTHER,CI,8,,,
6,angas,Q2OTHER,NG,24,ngas1240,Ngas,language
6,ankwe,Q2OTHER,NG,24,goem1240,Goemai,language
6,arab,Q2OTHER,KE,13,stan1318,Standard Arabic,language
6,arabe,Q2OTHER,CM,6,chad1249,Chadian Arabic,language
6,ashem,Q2OTHER,CM,6,,,
6,asumb0,Q2OTHER,CM,6,ipul1238,Ipulo-Olulu,language
6,atweti,Q2OTHER,GH,11,,,
6,aukwe,Q2OTHER,NG,24,eloy1241,Eloyi,language
6,avatime,Q2OTHER,GH,11,avat1244,Avatime,language
6,babadjon,Q2OTHER,CM,6,,,
6,babadjou,Q2OTHER,CM,6,ngom1271,Ngombale,language
6,bachama,Q2OTHER,NG,24,baca1246,Bacama,language
6,bacoue,Q2OTHER,CI,8,,,
6,badjoue,Q2OTHER,CM,6,koon1245,Koonzime,language
6,badukke,Q2OTHER,NG,24,,,
6,bafang,Q2OTHER,CM,6,fefe1239,Fe'fe',language
6,bafaw,Q2OTHER,CM,6,bafa1247,Bafaw-Balong,language
6,bafoussam,Q2OTHER,CM,6,,,
6,baga,Q2OTHER,GN,12,baga1275,Baga Mboteni-Binari,language
6,bagungu,Q2OTHER,UG,34,gung1250,Gungu,language
6,baham,Q2OTHER,CM,6,ghom1247,Ghomálá',language
6,baham/bafoussam,Q2OTHER,CM,6,ghom1247,Ghomálá',language
6,bajju,Q2OTHER,NG,24,jjuu1238,Jju,language
6,baju,Q2OTHER,NG,24,jjuu1238,Jju,language
6,bajuni,Q2OTHER,KE,13,swah1253,Swahili,language
6,bakosi,Q2OTHER,CM,6,akoo1248,Akoose,language
6,bakoue,Q2OTHER,CI,8,,,
6,bakwari,Q2OTHER,CM,6,mokp1239,Mokpwe,language
6,bakwere,Q2OTHER,CM,6,mokp1239,Mokpwe,language
6,balante,Q2OTHER,SN,26,bala1302,Balanta-Ganja,language
6,balcweri,Q2OTHER,CM,6,,,
6,baleng,Q2OTHER,CM,6,,,
6,balengou,Q2OTHER,CM,6,,,
6,bali,Q2OTHER,CM,6,mung1266,Mungaka,language
6,bali nyonga,Q2OTHER,CM,6,mung1266,Mungaka,language
6,baloundo,Q2OTHER,CM,6,,,
6,baluya,Q2OTHER,UG,34,luyi1234,Luyia,family
6,bambele,Q2OTHER,CM,6,tuki1240,Tuki,language
6,bamendjing,Q2OTHER,CM,6,meng1264,Mengaka,language
6,bamougoum,Q2OTHER,CM,6,,,
6,banbawa,Q2OTHER,NG,24,shoo1247,Shoo-Minda-Nye,language
6,bandawa,Q2OTHER,NG,24,shoo1247,Shoo-Minda-Nye,language
6,banen,Q2OTHER,CM,6,tune1261,Tunen,language
6,banvele,Q2OTHER,CM,6,,,
6,baruba,Q2OTHER,NG,24,,,
6,basari,Q2OTHER,GH,11,ntch1242,Ntcham,language
6,basso,Q2OTHER,CM,6,ngom1271,Ngombale,language
6,bata,Q2OTHER,CM,6,bata1314,Bata,language
6,batanga,Q2OTHER,CM,6,bata1285,Batanga,language
6,batcham,Q2OTHER,CM,6,ngie1241,Ngiemboon,language
6,batibo,Q2OTHER,CM,6,meta1238,Meta',language
6,batoe,Q2OTHER,GH,11,ewee1241,Ewe,language
6,baton,Q2OTHER,CM,6,,,
6,bawaje,Q2OTHER,NG,24,,,
6,bawan,Q2OTHER,CM,6,,,
6,bawara,Q2OTHER,NG,24,,,
6,befang,Q2OTHER,CM,6,befa1241,Befang,language
6,belibonachi,Q2OTHER,CM,6,,,
6,bella,Q2OTHER,BF,4,,,
6,benegun,Q2OTHER,CM,6,,,
6,besa,Q2OTHER,CM,6,,,
6,betsimisaraka,Q2OTHER,MG,16,nort3196,North-Central Malagasic,family
6,beudick,Q2OTHER,SN,26,,,
6,bhojpuri,Q2OTHER,MU,19,bhoj1244,Bhojpuri,language
6,biali,Q2OTHER,BJ,2,bial1238,Biali,language
6,bimoba,Q2OTHER,GH,11,bimo1239,Bimoba,language
6,bissa,Q2OTHER,GH,11,biss1248,Bissa,language
6,bocha,Q2OTHER,ZW,36,many1258,Manyika,language
6,boiyana,Q2OTHER,NG,24,,,
6,bono,Q2OTHER,GH,11,abro1238,Abron,language
6,borana,Q2OTHER,KE,13,bora1271,Borana-Arsi-Guji Oromo,language
6,brown amer language,Q2OTHER,SD,29,,,
6,bu,Q2OTHER,CM,6,mund1328,Mundabli,language
6,buda,Q2OTHER,CM,6,,,
6,buem,Q2OTHER,GH,11,lele1264,Lelemi,language
6,buja,Q2OTHER,ZW,36,,,
6,buli,Q2OTHER,GH,11,buli1254,Buli (Ghana),language
6,bulu,Q2OTHER,CM,6,bulu1251,Bulu (Cameroon),language
6,bussa,Q2OTHER,NG,24,,,
6,chaewa,Q2OTHER,MZ,21,nyan1308,Nyanja,language
6,chamba,Q2OTHER,GH,11,ntch1242,Ntcham,language
6,chena,Q2OTHER,MZ,21,nucl1396,Sena,language
6,cheua,Q2OTHER,MZ,21,nyan1308,Nyanja,language
6,chewa,Q2OTHER,MZ,21,nyan1308,Nyanja,language
6,chewa,Q2OTHER,ZW,36,nyan1308,Nyanja,language
6,chewe,Q2OTHER,MZ,21,nyan1308,Nyanja,language
6,chikunda,Q2OTHER,ZM,35,kund1255,Chikunda,language
6,chimambwe,Q2OTHER,MW,17,,,
6,chindali,Q2OTHER,MW,17,ndal1241,Ndali,language
6,chinyakyusa,Q2OTHER,MW,17,nyak1260,Nyakyusa-Ngonde,language
6,chinyanja,Q2OTHER,MW,17,nyan1308,Nyanja,language
6,chinyika,Q2OTHER,MW,17,nyik1246,Nyika (Malawi and Zambia),language
6,chinyungwe,Q2OTHER,MW,17,nyun1248,Nyungwe,language
6,chiswahili,Q2OTHER,MW,17,swah1253,Swahili,language
6,chitcheiwa,Q2OTHER,MZ,21,nyan1308,Nyanja,language
6,chitewe,Q2OTHER,MZ,21,tewe1238,Tewe,language
6,chiteye,Q2OTHER,MZ,21,tewe1238,Tewe,language
6,chitoko,Q2OTHER,ZW,36,,,
6,chitsua,Q2OTHER,MZ,21,tswa1255,Tswa,language
6,chitxua,Q2OTHER,MZ,21,tswa1255,Tswa,language
6,chiwandya,Q2OTHER,MW,17,mala1475,Malawi Sena,language
6,chiyamba,Q2OTHER,ZM,35,,,
6,chona,Q2OTHER,MZ,21,,,
6,choua,Q2OTHER,CM,6,,,
6,chukusi,Q2OTHER,GH,11,anuf1239,Anufo,language
6,chutcua,Q2OTHER,MZ,21,,,
6,creol,Q2OTHER,SN,26,uppe1455,Upper Guinea Crioulo,language
6,daba,Q2OTHER,CM,6,nucl1683,Daba,language
6,dador,Q2OTHER,NG,24,,,
6,dafing,Q2OTHER,BF,4,mark1256,Marka,language
6,dagaari,Q2OTHER,GH,11,sout2789,Central Dagaare,language
6,dakarkari,Q2OTHER,NG,24,clel1238,C'lela,language
6,dbo,Q2OTHER,CM,6,,,
6,deg-(moo),Q2OTHER,GH,11,,,
6,degema,Q2OTHER,NG,24,dege1246,Degema,language
6,diaka,Q2OTHER,ML,18,,,
6,diakanke,Q2OTHER,GN,12,jaha1245,Jahanka,language
6,diakhanke,Q2OTHER,SN,26,west2500,Western Maninkakan,language
6,digo,Q2OTHER,KE,13,digo1243,Digo,language
6,djerma,Q2OTHER,BF,4,zarm1239,Zarma-Kaado,language
6,djimini,Q2OTHER,CI,8,djim1235,Djimini Senoufo,language
6,docces,Q2OTHER,BF,4,,,
6,dogon,Q2OTHER,BF,4,plai1257,Plains Dogon,family
6,dogons,Q2OTHER,BF,4,plai1257,Plains Dogon,family
6,dogose,Q2OTHER,BF,4,dogo1295,Dogosé,language
6,dolimuu,Q2OTHER,GH,11,,,
6,donsin,Q2OTHER,BF,4,,,
6,dourou,Q2OTHER,CM,6,diii1241,Dii,language
6,dschang,Q2OTHER,CM,6,yemb1246,Yemba,language
6,dumbe,Q2OTHER,ZW,36,,,
6,duruma,Q2OTHER,KE,13,duru1249,Duruma,language
6,ebrie,Q2OTHER,CI,8,ebri1238,Ebrié,language
6,edjagham,Q2OTHER,CM,6,,,
6,ega,Q2OTHER,CI,8,egaa1242,Ega,language
6,eggon,Q2OTHER,NG,24,eggo1239,Eggon,language
6,egi,Q2OTHER,NG,24,,,
6,ejagham,Q2OTHER,CM,6,ejag1239,Ejagham,language
6,ejaka,Q2OTHER,CM,6,,,
6,ejakam,Q2OTHER,CM,6,,,
6,ekote,Q2OTHER,MZ,21,koti1238,Koti,language
6,elam eguo,Q2OTHER,CM,6,esim1238,Esimbi,language
6,elam equ0,Q2OTHER,CM,6,esim1238,Esimbi,language
6,elam equo,Q2OTHER,CM,6,,,
6,eleme,Q2OTHER,NG,24,elem1253,Eleme,language
6,esimbi,Q2OTHER,CM,6,esim1238,Esimbi,language
6,essimbi,Q2OTHER,CM,6,esim1238,Esimbi,language
6,etenga,Q2OTHER,CM,6,,,
6,eton,Q2OTHER,CM,6,eton1253,Eton-Mengisa,language
6,ewe and fante,Q2OTHER,GH,11,ewee1241,Ewe,language
6,ewodi,Q2OTHER,CM,6,dual1243,Duala,language
6,fakama,Q2OTHER,NG,24,,,
6,fakawa,Q2OTHER,NG,24,,,
6,fali,Q2OTHER,NG,24,fali1285,Fali,language
6,faliya,Q2OTHER,NG,24,,,
6,fang,Q2OTHER,CM,6,fang1246,Fang (Equatorial Guinea),language
6,femawa,Q2OTHER,NG,24,,,
6,forgeron (noumou),Q2OTHER,BF,4,kpee1234,Kpeego,language
6,frafra,Q2OTHER,GH,11,fare1241,Farefare,language
6,fulami,Q2OTHER,CM,6,adam1253,Adamawa Fulfulde,language
6,fulane,Q2OTHER,CM,6,adam1253,Adamawa Fulfulde,language
6,gabsiki,Q2OTHER,CM,6,,,
6,gagou,Q2OTHER,CI,8,gagu1242,Gban,language
6,gain,Q2OTHER,CI,8,,,
6,garre,Q2OTHER,KE,13,swah1253,Swahili,language
6,gawu,Q2OTHER,GH,11,,,
6,gbagi,Q2OTHER,NG,24,gbag1258,Gbagyi,language
6,gekyode,Q2OTHER,GH,11,giky1238,Gikyode,language
6,ghemba,Q2OTHER,CM,6,,,
6,giriama,Q2OTHER,KE,13,giry1241,Giryama,language
6,gnanboua,Q2OTHER,CI,8,,,
6,gnideboua,Q2OTHER,CI,8,,,
6,gomu,Q2OTHER,NG,24,mooo1239,Moo,language
6,gonja,Q2OTHER,GH,11,gonj1241,Gonja,language
6,gruma,Q2OTHER,GH,11,bimo1239,Bimoba,language
6,grushie,Q2OTHER,GH,11,kase1253,Kasem,language
6,guan,Q2OTHER,GH,11,guaa1238,Gua,language
6,guerze,Q2OTHER,GN,12,guin1254,Guinea Kpelle,language
6,gujarati,Q2OTHER,KE,13,guja1252,Gujarati,language
6,gurerze,Q2OTHER,GN,12,guin1254,Guinea Kpelle,language
6,guruni,Q2OTHER,GH,11,fare1241,Farefare,language
6,gwandara,Q2OTHER,NG,24,gwan1268,Gwandara,language
6,gwari,Q2OTHER,NG,24,gbag1258,Gbagyi,language
6,gwong,Q2OTHER,NG,24,kago1247,Kagoma,language
6,haoussa,Q2OTHER,BJ,2,haus1257,Hausa,language
6,haoussa,Q2OTHER,GA,10,haus1257,Hausa,language
6,haoussa,Q2OTHER,NE,23,haus1257,Hausa,language
6,ibo,Q2OTHER,CM,6,,,
6,ichen,Q2OTHER,NG,24,etky1238,Etkywan,language
6,indian,Q2OTHER,SZ,30,hind1269,Hindi,language
6,isizulu,Q2OTHER,SZ,30,zulu1248,Zulu,language
6,isu,Q2OTHER,CM,6,isuf1235,Isu (Fako Division),language
6,ithopiwa,Q2OTHER,ZA,28,amha1245,Amharic,language
6,iyala,Q2OTHER,NG,24,yala1263,Yala,language
6,jaba,Q2OTHER,NG,24,idun1241,Idun,language
6,jarawa,Q2OTHER,NG,24,jara1263,Jarawa (Nigeria),language
6,jenjo,Q2OTHER,NG,24,dzaa1238,Dza,language
6,jukum,Q2OTHER,NG,24,wapa1235,Wapan,language
6,jukun,Q2OTHER,NG,24,juku1254,Jukun Takum,language
6,jukun wanu,Q2OTHER,NG,24,wann1241,Wannu,language
6,kaakye,Q2OTHER,GH,11,krac1238,Krache,language
6,kagara,Q2OTHER,NG,24,,,
6,kagoma,Q2OTHER,NG,24,kago1247,Kagoma,language
6,kagoro,Q2OTHER,NG,24,tyap1238,Tyap,language
6,kaika,Q2OTHER,NG,24,,,
6,kaka,Q2OTHER,NG,24,yamb1251,Yamba,language
6,kakabari,Q2OTHER,NG,24,,,
6,kakwa,Q2OTHER,UG,34,kakw1240,Kakwa,language
6,kalabari,Q2OTHER,NG,24,kala1381,Kalabari,language
6,karaboro,Q2OTHER,BF,4,,,
6,kasari,Q2OTHER,GH,11,,,
6,kasem,Q2OTHER,GH,11,kase1253,Kasem,language
6,kataf,Q2OTHER,NG,24,tyap1238,Tyap,language
6,katongu,Q2OTHER,NG,24,,,
6,khoi,Q2OTHER,ZA,28,nama1264,Nama (Namibia),language
6,khois,Q2OTHER,ZA,28,nama1264,Nama (Namibia),language
6,khoisan,Q2OTHER,ZA,28,nama1264,Nama (Namibia),language
6,kiarusha,Q2OTHER,TZ,31,,,
6,kibembe,Q2OTHER,TZ,31,bemb1255,Bembe,language
6,kibena,Q2OTHER,TZ,31,bena1262,Bena (Tanzania),language
6,kibondei,Q2OTHER,TZ,31,bond1247,Bondei,language
6,kiborana,Q2OTHER,TZ,31,,,
6,kibungu,Q2OTHER,TZ,31,bung1265,Bungu,language
6,kidigo,Q2OTHER,TZ,31,digo1243,Digo,language
6,kidoe,Q2OTHER,TZ,31,doee1238,Doe,language
6,kigunya,Q2OTHER,TZ,31,,,
6,kiha,Q2OTHER,TZ,31,haaa1252,Ha,language
6,kihangaza,Q2OTHER,TZ,31,hang1260,Hangaza,language
6,kiikizu,Q2OTHER,TZ,31,ikiz1238,Ikizu,language
6,kiiraq,Q2OTHER,TZ,31,iraq1241,Iraqw,language
6,kijahidiri,Q2OTHER,TZ,31,iraq1241,Iraqw,language
6,kijaluo,Q2OTHER,TZ,31,,,
6,kijita,Q2OTHER,TZ,31,jita1239,Jita,language
6,kikabwa,Q2OTHER,TZ,31,kabw1241,Kabwa,language
6,kikaguru,Q2OTHER,TZ,31,,,
6,kikahe,Q2OTHER,TZ,31,kahe1238,Kahe,language
6,kikara,Q2OTHER,TZ,31,kara1481,Kara (Tanzania),language
6,kikerewe,Q2OTHER,TZ,31,kere1283,Kerewe,language
6,kikimbu,Q2OTHER,TZ,31,kimb1242,Kimbu,language
6,kikine,Q2OTHER,TZ,31,suba1252,Suba-Simbiti,language
6,kikinga,Q2OTHER,TZ,31,nucl1379,Kinga,language
6,kikonongo,Q2OTHER,TZ,31,kono1265,Konongo,language
6,kikwaya,Q2OTHER,TZ,31,kway1241,Kwaya,language
6,kilba babar,Q2OTHER,NG,24,bura1292,Bura-Pabir,language
6,kilongo,Q2OTHER,TZ,31,,,
6,kimakunduchi,Q2OTHER,TZ,31,,,
6,kimakuwa,Q2OTHER,TZ,31,,,
6,kimalili,Q2OTHER,TZ,31,,,
6,kimang'ati,Q2OTHER,TZ,31,,,
6,kimatambwe,Q2OTHER,TZ,31,,,
6,kimatengo,Q2OTHER,TZ,31,mate1258,Matengo,language
6,kimatumbi,Q2OTHER,TZ,31,matu1259,Matumbi,language
6,kimazuruni,Q2OTHER,TZ,31,,,
6,kimbulu,Q2OTHER,TZ,31,,,
6,kimwera,Q2OTHER,TZ,31,mwer1248,Mwera (Chimwera),language
6,kindali,Q2OTHER,TZ,31,ndal1241,Ndali,language
6,kindamba,Q2OTHER,TZ,31,ndam1239,Ndamba,language
6,kindendeule,Q2OTHER,TZ,31,nden1249,Ndendeule,language
6,kindengereko,Q2OTHER,TZ,31,nden1248,Ndengereko,language
6,kindonde,Q2OTHER,TZ,31,mako1251,Makonde,language
6,kindyewe,Q2OTHER,TZ,31,kere1283,Kerewe,language
6,kingindo,Q2OTHER,TZ,31,ngin1244,Ngindo,language
6,kinguu,Q2OTHER,TZ,31,ngul1246,Ngulu,language
6,kinyambo,Q2OTHER,TZ,31,nyam1277,Nyambo,language
6,kinyamwanga,Q2OTHER,TZ,31,nyam1275,Nyamwanga,language
6,kinyantuzu,Q2OTHER,TZ,31,,,
6,kinyarwanda,Q2OTHER,UG,34,kiny1244,Kinyarwanda,language
6,kinyasa,Q2OTHER,TZ,31,mpot1240,Mpoto,language
6,kinyaturu,Q2OTHER,TZ,31,nyat1246,Nyaturu,language
6,kinyiha,Q2OTHER,TZ,31,nyik1247,Nyika (Tanzania),language
6,kinyimbo,Q2OTHER,TZ,31,nyam1277,Nyambo,language
6,kinyiramba,Q2OTHER,TZ,31,nila1242,Nilamba,language
6,kinyisanzu,Q2OTHER,TZ,31,isan1243,Isanzu,language
6,kipangwa,Q2OTHER,TZ,31,pang1287,Pangwa,language
6,kipemba,Q2OTHER,TZ,31,pemb1239,Pemba,dialect
6,kipogoro,Q2OTHER,TZ,31,pogo1243,Pogolo,language
6,kipsigis,Q2OTHER,KE,13,kips1239,Kipsigis,language
6,kirangi,Q2OTHER,TZ,31,lang1320,Langi,language
6,kiruri,Q2OTHER,TZ,31,kway1241,Kwaya,language
6,kisafwa,Q2OTHER,TZ,31,safw1238,Safwa,language
6,kisambaa,Q2OTHER,TZ,31,sham1280,Shambala,language
6,kisandawe,Q2OTHER,TZ,31,sand1273,Sandawe,language
6,kisangu,Q2OTHER,TZ,31,sang1330,Sangu (Tanzania),language
6,kisegeju,Q2OTHER,TZ,31,sege1246,Segeju,language
6,kishirazi,Q2OTHER,TZ,31,,,
6,kisimbiti,Q2OTHER,TZ,31,suba1252,Suba-Simbiti,language
6,kisizaki,Q2OTHER,TZ,31,ikiz1238,Ikizu,language
6,kissi,Q2OTHER,GN,12,nort2765,Northern Kissi,language
6,kisubi,Q2OTHER,TZ,31,shub1238,Shubi,language
6,kisumbwa,Q2OTHER,TZ,31,sumb1240,Sumbwa,language
6,kitaturu,Q2OTHER,TZ,31,,,
6,kitongwe,Q2OTHER,TZ,31,tong1320,Tongwe,language
6,kitumbatu,Q2OTHER,TZ,31,,,
6,kiwanji,Q2OTHER,TZ,31,vwan1235,Vwanji,language
6,kiyao,Q2OTHER,TZ,31,yaoo1241,Yao,language
6,kizanaki,Q2OTHER,TZ,31,zana1238,Zanaki,language
6,kizaramo,Q2OTHER,TZ,31,zara1247,Zaramo,language
6,kizigua,Q2OTHER,TZ,31,zigu1242,Zigula,language
6,kizinza,Q2OTHER,TZ,31,zinz1238,Zinza,language
6,kodia,Q2OTHER,CI,8,kodi1246,Kodia,language
6,kokomba,Q2OTHER,GH,11,konk1269,Konkomba,language
6,kom,Q2OTHER,CM,6,mfum1238,Southern Mfumte,language
6,komono,Q2OTHER,BF,4,khis1238,Khisa,language
6,komonon,Q2OTHER,CI,8,,,
6,kona,Q2OTHER,NG,24,jiba1237,Jiba,language
6,koniadie,Q2OTHER,SN,26,,,
6,kono,Q2OTHER,GN,12,kono1267,Kono (Guinea),language
6,konon,Q2OTHER,GN,12,kono1267,Kono (Guinea),language
6,kotoko,Q2OTHER,CM,6,,,
6,kotokoli,Q2OTHER,GH,11,temm1241,Tem,language
6,kotokoli/chamba,Q2OTHER,GH,11,temm1241,Tem,language
6,kouzie,Q2OTHER,CI,8,nyab1255,Nyabwa,language
6,koyaka,Q2OTHER,CI,8,koya1253,Koyaga,language
6,krakyi,Q2OTHER,GH,11,krac1238,Krache,language
6,krobo,Q2OTHER,GH,11,adan1247,Adangme,language
6,krobou,Q2OTHER,CI,8,krob1245,Krobu,language
6,kumam,Q2OTHER,UG,34,kuma1275,Kumam,language
6,kuria,Q2OTHER,KE,13,kuri1259,Kuria,language
6,kusal,Q2OTHER,GH,11,kusa1250,Kusaal,language
6,kuteb,Q2OTHER,NG,24,kute1248,Kutep,language
6,kwahu,Q2OTHER,GH,11,twii1234,Twi,dialect
6,laka,Q2OTHER,CM,6,,,
6,lambia,Q2OTHER,ZM,35,,,
6,lambo,Q2OTHER,CM,6,,,
6,landouma,Q2OTHER,GN,12,land1256,Landoma,language
6,language almapat,Q2OTHER,SD,29,,,
6,language fellata,Q2OTHER,SD,29,adam1253,Adamawa Fulfulde,language
6,language inqasna,Q2OTHER,SD,29,,,
6,lanta,Q2OTHER,NG,24,,,
6,laru,Q2OTHER,NG,24,laru1238,Laru (Nigeria),language
6,lawabe,Q2OTHER,NG,24,,,
6,lendu,Q2OTHER,UG,34,lend1245,Lendu,language
6,ligete,Q2OTHER,MZ,21,,,
6,ligode,Q2OTHER,MZ,21,,,
6,ligote,Q2OTHER,MZ,21,,,
6,ligoute,Q2OTHER,MZ,21,,,
6,likpakpaln,Q2OTHER,GH,11,konk1269,Konkomba,language
6,limbum,Q2OTHER,CM,6,limb1268,Limbum,language
6,lingua mapex,Q2OTHER,MZ,21,port1283,Portuguese,language
6,logba,Q2OTHER,GH,11,logb1245,Logba,language
6,logba,Q2OTHER,TG,32,lukp1238,Lukpa,language
6,loriba,Q2OTHER,MZ,21,,,
6,lozwi,Q2OTHER,ZW,36,,,
6,luchazi,Q2OTHER,ZM,35,luch1239,Luchazi,language
6,ludama,Q2OTHER,UG,34,adho1243,Adhola,language
6,lufumbira,Q2OTHER,UG,34,kiny1244,Kinyarwanda,language
6,lugwere,Q2OTHER,UG,34,gwer1238,Gwere,language
6,lujaluwo,Q2OTHER,UG,34,alur1250,Alur,language
6,lulamogi,Q2OTHER,UG,34,soga1242,Soga,language
6,luluri,Q2OTHER,UG,34,ruul1235,Ruuli,language
6,lumama,Q2OTHER,NG,24,,,
6,lunguda,Q2OTHER,NG,24,long1389,Longuda,language
6,luniga,Q2OTHER,MZ,21,,,
6,lunyala,Q2OTHER,UG,34,ruul1235,Ruuli,language
6,lunyara,Q2OTHER,UG,34,ruul1235,Ruuli,language
6,luo,Q2OTHER,UG,34,sout2831,Southern Lwoo,family
6,lururu,Q2OTHER,UG,34,ruul1235,Ruuli,language
6,m'batto,Q2OTHER,CI,8,mbat1247,Mbato,language
6,mabawe,Q2OTHER,MZ,21,,,
6,mabi,Q2OTHER,CM,6,kwas1243,Kwasio,language
6,mada,Q2OTHER,CM,6,mada1293,Mada (Cameroon),language
6,mafwe,Q2OTHER,NA,22,,,
6,mahawea,Q2OTHER,MZ,21,,,
6,mahohka,Q2OTHER,CI,8,maho1249,Mahou,language
6,mahouka,Q2OTHER,CI,8,maho1249,Mahou,language
6,maindo,Q2OTHER,MZ,21,main1272,Maindo,language
6,mampruli,Q2OTHER,GH,11,mamp1244,Mampruli,language
6,mamunye,Q2OTHER,NG,24,,,
6,mandara,Q2OTHER,CM,6,wand1278,Wandala,language
6,mandarai,Q2OTHER,BF,4,,,
6,manhgue,Q2OTHER,MZ,21,,,
6,manhungue,Q2OTHER,MZ,21,many1258,Manyika,language
6,mankagne,Q2OTHER,SN,26,,,
6,maone,Q2OTHER,MZ,21,,,
6,mapex,Q2OTHER,MZ,21,,,
6,maragoli,Q2OTHER,KE,13,logo1258,Logooli,language
6,maronga,Q2OTHER,MZ,21,rong1268,Ronga,language
6,massa,Q2OTHER,CM,6,masa1322,Masana,language
6,massema,Q2OTHER,MZ,21,nucl1396,Sena,language
6,massonke,Q2OTHER,SN,26,,,
6,matcwe,Q2OTHER,MZ,21,,,
6,mateu,Q2OTHER,MZ,21,,,
6,matewe,Q2OTHER,MZ,21,tewe1238,Tewe,language
6,mateyu,Q2OTHER,MZ,21,,,
6,matowe,Q2OTHER,MZ,21,tewe1238,Tewe,language
6,matsua,Q2OTHER,MZ,21,tswa1255,Tswa,language
6,matswa,Q2OTHER,MZ,21,tswa1255,Tswa,language
6,matxsua,Q2OTHER,MZ,21,tswa1255,Tswa,language
6,maungwe,Q2OTHER,ZW,36,,,
6,maure,Q2OTHER,SN,26,,,
6,mba vele,Q2OTHER,CM,6,tuki1240,Tuki,language
6,mbamoise,Q2OTHER,CM,6,,,
6,mbang,Q2OTHER,CM,6,bako1249,Bakoko,language
6,mbe mbe,Q2OTHER,CM,6,,,
6,mbesah,Q2OTHER,CM,6,,,
6,mbessa,Q2OTHER,CM,6,,,
6,mbo,Q2OTHER,CM,6,mboc1235,Mbo (Cameroon),language
6,mbo'o,Q2OTHER,CM,6,,,
6,mbororo,Q2OTHER,CM,6,nige1253,Nigerian Fulfulde,language
6,mdombe,Q2OTHER,ZW,36,,,
6,medindo,Q2OTHER,MZ,21,main1272,Maindo,language
6,mefi,Q2OTHER,CM,6,,,
6,meta,Q2OTHER,CM,6,,,
6,metsa,Q2OTHER,CM,6,,,
6,mezima,Q2OTHER,CM,6,,,
6,mhalangwe,Q2OTHER,NA,22,,,
6,michinka,Q2OTHER,NG,24,,,
6,mikhifore,Q2OTHER,GN,12,mixi1241,Mixifore,language
6,mikifore,Q2OTHER,GN,12,mixi1241,Mixifore,language
6,mikundu,Q2OTHER,ZM,35,,,
6,minchika,Q2OTHER,NG,24,,,
6,misanje,Q2OTHER,CM,6,,,
6,mo,Q2OTHER,GH,11,degg1238,Deg,language
6,moghagno,Q2OTHER,CM,6,,,
6,monga,Q2OTHER,MZ,21,rong1268,Ronga,language
6,monghaka,Q2OTHER,CM,6,,,
6,moniaco,Q2OTHER,MZ,21,,,
6,moniga,Q2OTHER,MZ,21,makh1265,Makhuwa-Moniga,language
6,morotsi,Q2OTHER,BW,3,,,
6,moshie,Q2OTHER,GH,11,moss1236,Mossi,language
6,mossi,Q2OTHER,ML,18,moss1236,Mossi,language
6,mossi,Q2OTHER,TG,32,moss1236,Mossi,language
6,mossicthe,Q2OTHER,NE,23,,,
6,moudani,Q2OTHER,CM,6,,,
6,moudini,Q2OTHER,CM,6,,,
6,mougoum,Q2OTHER,CM,6,,,
6,moundang,Q2OTHER,CM,6,mund1325,Mundang,language
6,mousgoum,Q2OTHER,CM,6,musg1254,Musgu,language
6,mousgoun,Q2OTHER,CM,6,musg1254,Musgu,language
6,mtsua,Q2OTHER,MZ,21,tswa1255,Tswa,language
6,muali,Q2OTHER,MZ,21,,,
6,muandi,Q2OTHER,MZ,21,mwan1247,Mwani,language
6,muani,Q2OTHER,MZ,21,mwan1247,Mwani,language
6,muany,Q2OTHER,MZ,21,mwan1247,Mwani,language
6,mubako,Q2OTHER,CM,6,nyon1241,Nyong,language
6,mudele,Q2OTHER,CM,6,,,
6,mugaka,Q2OTHER,CM,6,,,
6,mulamogi,Q2OTHER,UG,34,soga1242,Soga,language
6,mumugar,Q2OTHER,NG,24,,,
6,mumuye,Q2OTHER,NG,24,nucl1240,Mumuye,language
6,munga,Q2OTHER,MZ,21,makh1265,Makhuwa-Moniga,language
6,muni,Q2OTHER,MZ,21,,,
6,muninga,Q2OTHER,MZ,21,makh1265,Makhuwa-Moniga,language
6,munyabindi,Q2OTHER,UG,34,,,
6,munyaya,Q2OTHER,KE,13,orma1241,Orma,language
6,mupun,Q2OTHER,NG,24,mwag1236,Mwaghavul,language
6,murundi,Q2OTHER,UG,34,rund1242,Rundi,language
6,musgum,Q2OTHER,CM,6,musg1254,Musgu,language
6,mushangwe,Q2OTHER,ZW,36,,,
6,mwangavul,Q2OTHER,NG,24,mwag1236,Mwaghavul,language
6,nabdam,Q2OTHER,GH,11,fare1241,Farefare,language
6,nahumuru,Q2OTHER,GH,11,chum1261,Chumburung,language
6,naindo,Q2OTHER,MZ,21,main1272,Maindo,language
6,nambya,Q2OTHER,ZW,36,namb1291,Nambya,language
6,namica,Q2OTHER,MZ,21,,,
6,nandi,Q2OTHER,KE,13,nand1266,Nandi,language
6,nankani,Q2OTHER,GH,11,fare1241,Farefare,language
6,naoniga,Q2OTHER,MZ,21,,,
6,naturalise,Q2OTHER,CI,8,,,
6,nawuri,Q2OTHER,GH,11,nawu1242,Nawuri,language
6,nchani,Q2OTHER,CM,6,,,
6,nchanih,Q2OTHER,CM,6,,,
6,ndala,Q2OTHER,NG,24,ndoo1241,Ndoola,language
6,ndebele,Q2OTHER,BW,3,nort2795,Zimbabwean Ndebele,language
6,ndebele,Q2OTHER,SZ,30,sout2808,Sumayela Ndebele,language
6,ndebele,Q2OTHER,ZM,35,nort2795,Zimbabwean Ndebele,language
6,ngambaye,Q2OTHER,CM,6,,,
6,ngas,Q2OTHER,NG,24,ngas1240,Ngas,language
6,ngemba,Q2OTHER,CM,6,ngem1255,Ngemba,language
6,ngoa,Q2OTHER,CM,6,,,
6,ngony,Q2OTHER,MZ,21,,,
6,ngou,Q2OTHER,CM,6,,,
6,ngungue,Q2OTHER,MZ,21,nyun1248,Nyungwe,language
6,nguo,Q2OTHER,CM,6,,,
6,ngyemboon,Q2OTHER,CM,6,ngie1241,Ngiemboon,language
6,nhugue,Q2OTHER,MZ,21,nyun1248,Nyungwe,language
6,nhumgue,Q2OTHER,MZ,21,nyun1248,Nyungwe,language
6,nhungoe,Q2OTHER,MZ,21,nyun1248,Nyungwe,language
6,nhungue,Q2OTHER,MZ,21,nyun1248,Nyungwe,language
6,nhunguem,Q2OTHER,MZ,21,nyun1248,Nyungwe,language
6,nhungwe,Q2OTHER,MZ,21,nyun1248,Nyungwe,language
6,nhunhue,Q2OTHER,MZ,21,nyun1248,Nyungwe,language
6,nhunque,Q2OTHER,MZ,21,nyun1248,Nyungwe,language
6,ninzom,Q2OTHER,NG,24,ninz1246,Ninzo,language
6,nleya zambia,Q2OTHER,ZW,36,,,
6,nnaga eboko,Q2OTHER,CM,6,,,
6,noni,Q2OTHER,CM,6,noon1243,Noone,language
6,nsie,Q2OTHER,CM,6,,,
6,nso,Q2OTHER,CM,6,lamn1239,Lamnso',language
6,nswaka,Q2OTHER,ZM,35,,,
6,nubi,Q2OTHER,KE,13,nubi1253,Nubi,language
6,numana,Q2OTHER,NG,24,numa1252,Numana-Nunku-Gbantu-Numbu,language
6,nunga,Q2OTHER,MZ,21,,,
6,nuto,Q2OTHER,MZ,21,,,
6,nwangavul,Q2OTHER,NG,24,mwag1236,Mwaghavul,language
6,nyandang,Q2OTHER,NG,24,yend1241,Yendang,language
6,nyanja,Q2OTHER,MZ,21,nyan1308,Nyanja,language
6,nyanja,Q2OTHER,ZW,36,nyan1308,Nyanja,language
6,nyarwanda,Q2OTHER,KE,13,kiny1244,Kinyarwanda,language
6,nyasa,Q2OTHER,KE,13,,,
6,nyemba,Q2OTHER,NA,22,,,
6,nyongue,Q2OTHER,MZ,21,nyun1248,Nyungwe,language
6,nyuenge,Q2OTHER,MZ,21,nyun1248,Nyungwe,language
6,nyugue,Q2OTHER,MZ,21,nyun1248,Nyungwe,language
6,nyungue,Q2OTHER,MZ,21,nyun1248,Nyungwe,language
6,nyungunhe,Q2OTHER,MZ,21,nyun1248,Nyungwe,language
6,nzema,Q2OTHER,GH,11,nzim1238,Nzima,language
6,obang,Q2OTHER,CM,6,ejag1239,Ejagham,language
6,obodu,Q2OTHER,NG,24,,,
6,odienneka,Q2OTHER,CI,8,woje1238,Wojenaka,language
6,ogae,Q2OTHER,NG,24,,,
6,ogba,Q2OTHER,NG,24,ogba1241,Ogbah,language
6,ogiek,Q2OTHER,KE,13,okie1245,Okiek,language
6,okirika,Q2OTHER,NG,24,kiri1254,Kirike,language
6,okre,Q2OTHER,GH,11,,,
6,okrika,Q2OTHER,NG,24,kiri1254,Kirike,language
6,oku,Q2OTHER,CM,6,okuu1243,Oku,language
6,oroko,Q2OTHER,CM,6,orok1266,Oroko,language
6,oron,Q2OTHER,NG,24,oroo1241,Oro,language
6,oshie,Q2OTHER,CM,6,ngos1238,Ngoshie,language
6,owan,Q2OTHER,NG,24,,,
6,panso,Q2OTHER,NG,24,lamn1239,Lamnso',language
6,peulh,Q2OTHER,CI,8,maas1239,Maasina Fulfulde,language
6,peulh,Q2OTHER,TG,32,borg1235,Borgu Fulfulde,language
6,pinyin,Q2OTHER,CM,6,piny1238,Pinyin,language
6,portuguese,Q2OTHER,SZ,30,port1283,Portuguese,language
6,rendille,Q2OTHER,KE,13,rend1243,Rendille,language
6,ronga,Q2OTHER,MZ,21,rong1268,Ronga,language
6,rufumbira,Q2OTHER,UG,34,kiny1244,Kinyarwanda,language
6,rungungu,Q2OTHER,UG,34,gung1250,Gungu,language
6,runyarwanda,Q2OTHER,UG,34,kiny1244,Kinyarwanda,language
6,ruruli,Q2OTHER,UG,34,ruul1235,Ruuli,language
6,rusongora,Q2OTHER,UG,34,konz1239,Konzo,language
6,sabaot,Q2OTHER,KE,13,saba1262,Sabaot,language
6,sala,Q2OTHER,ZM,35,sala1266,Sala,language
6,sampa,Q2OTHER,GH,11,,,
6,san,Q2OTHER,NA,22,juho1239,South-Eastern Ju,language
6,sara,Q2OTHER,CM,6,ngam1268,Ngambay,language
6,sawa,Q2OTHER,CM,6,dual1243,Duala,language
6,sayawa,Q2OTHER,NG,24,saya1246,Saya,language
6,sefwi,Q2OTHER,GH,11,sehw1238,Sehwi,language
6,sekhurutsi,Q2OTHER,BW,3,tswa1253,Tswana,language
6,senanjwa,Q2OTHER,BW,3,,,
6,sepedi,Q2OTHER,BW,3,pedi1238,Pedi,language
6,seshona,Q2OTHER,BW,3,shon1251,Shona,language
6,setebele,Q2OTHER,BW,3,nort2795,Zimbabwean Ndebele,language
6,setswapong,Q2OTHER,BW,3,tswa1237,Tswapong,language
6,sexhereko,Q2OTHER,BW,3,here1253,Herero,language
6,sexhosa,Q2OTHER,BW,3,xhos1239,Xhosa,language
6,sezuru,Q2OTHER,BW,3,shon1251,Shona,language
6,shangani,Q2OTHER,ZW,36,tson1249,Tsonga,language
6,shona,Q2OTHER,BW,3,shon1251,Shona,language
6,shona,Q2OTHER,MZ,21,,,
6,shona/sezuru,Q2OTHER,BW,3,shon1251,Shona,language
6,siaka,Q2OTHER,CI,8,koya1253,Koyaga,language
6,sidombe,Q2OTHER,ZW,36,,,
6,sifwe,Q2OTHER,NA,22,fwee1238,Fwe,language
6,sissali,Q2OTHER,GH,11,sisa1248,Sisaala,family
6,siyawa,Q2OTHER,NG,24,,,
6,so'o,Q2OTHER,CM,6,,,
6,sola,Q2OTHER,BJ,2,miyo1238,Miyobe,language
6,sola,Q2OTHER,TG,32,miyo1238,Miyobe,language
6,someja,Q2OTHER,GH,11,gaaa1244,Ga,language
6,soro,Q2OTHER,CM,6,,,
6,suba,Q2OTHER,KE,13,suba1238,Suba,language
6,suthu,Q2OTHER,ZW,36,pedi1238,Pedi,language
6,swahili,Q2OTHER,SZ,30,swah1253,Swahili,language
6,swahili,Q2OTHER,ZM,35,,,
6,tagbanan,Q2OTHER,CI,8,,,
6,talensi,Q2OTHER,GH,11,fare1241,Farefare,language
6,tamacheck,Q2OTHER,BF,4,,,
6,tamberma,Q2OTHER,TG,32,dita1238,Ditammari,language
6,tampulma,Q2OTHER,GH,11,tamp1252,Tampulma,language
6,tanala,Q2OTHER,MG,16,plat1254,Plateau Malagasy,language
6,tanda,Q2OTHER,SN,26,,,
6,tangale,Q2OTHER,NG,24,nucl1696,Tangale,language
6,tangali,Q2OTHER,NG,24,nucl1696,Tangale,language
6,tapulsi,Q2OTHER,GH,11,tamp1252,Tampulma,language
6,tarok,Q2OTHER,NG,24,taro1263,Tarok,language
6,tcheddere,Q2OTHER,GN,12,,,
6,tchitchewa,Q2OTHER,MZ,21,nyan1308,Nyanja,language
6,tchthewa,Q2OTHER,MZ,21,,,
6,tera,Q2OTHER,NG,24,tera1251,Tera,language
6,teso,Q2OTHER,KE,13,teso1249,Teso,language
6,tewe,Q2OTHER,MZ,21,tewe1238,Tewe,language
6,tjimbanderu,Q2OTHER,BW,3,,,
6,toma,Q2OTHER,GN,12,toma1245,Toma,language
6,totela,Q2OTHER,NA,22,,,
6,touba,Q2OTHER,GN,12,,,
6,toura,Q2OTHER,CI,8,tour1242,Toura (Côte d'Ivoire),language
6,toussian,Q2OTHER,BF,4,,,
6,tsenga,Q2OTHER,ZW,36,,,
6,tula,Q2OTHER,NG,24,tula1252,Tula,language
6,turka,Q2OTHER,BF,4,turk1306,Turka,language
6,vigue,Q2OTHER,BF,4,viem1243,Viemo,language
6,waala,Q2OTHER,GH,11,wali1263,Wali (Ghana),language
6,waja,Q2OTHER,NG,24,waja1259,Waja,language
6,wan,Q2OTHER,CI,8,wann1242,Wan,language
6,wangara,Q2OTHER,GH,11,,,
6,wibum,Q2OTHER,CM,6,,,
6,wimbum,Q2OTHER,CM,6,limb1268,Limbum,language
6,wobe,Q2OTHER,CI,8,weno1238,Wobe-Wè Northern,language
6,worodougou,Q2OTHER,CI,8,woro1256,Worodougou,language
6,wurkum,Q2OTHER,NG,24,piya1245,Piya-Kwonci,language
6,wurkun,Q2OTHER,NG,24,piya1245,Piya-Kwonci,language
6,xitsua,Q2OTHER,MZ,21,tswa1255,Tswa,language
6,xitswa,Q2OTHER,MZ,21,tswa1255,Tswa,language
6,yakuri,Q2OTHER,NG,24,loka1252,Lokaa,language
6,yala,Q2OTHER,NG,24,yala1263,Yala,language
6,yambassa,Q2OTHER,CM,6,yang1293,Yangben,language
6,yamben,Q2OTHER,CM,6,,,
6,yanga,Q2OTHER,TG,32,moss1236,Mossi,language
6,yaoure,Q2OTHER,CI,8,yaou1238,Yaouré,language
6,yebekol,Q2OTHER,CM,6,,,
6,zezuru,Q2OTHER,BW,3,shon1251,Shona,language
6,zulu,Q2OTHER,SZ,30,zulu1248,Zulu,language
6,zuru,Q2OTHER,NG,24,clel1238,C'lela,language
