round,question,country,value,iso_alpha2,wals_code,wals_name,auto,distance
r4,Q3OTHER,1,HAOUSSA,BJ,,,TRUE,0
r4,Q3OTHER,2,Sebanderu,BW,,,,
r4,Q3OTHER,2,Segxereku,BW,,,,
r4,Q3OTHER,2,Senajwa,BW,,,,
r4,Q3OTHER,2,Seshona,BW,,,TRUE,0
r4,Q3OTHER,2,Sesotho,BW,,,TRUE,0
r4,Q3OTHER,2,Setlharwa,BW,,,,
r4,Q3OTHER,2,Setswapong,BW,,,TRUE,1
r4,Q3OTHER,2,Sezezuru,BW,,,TRUE,0
r4,Q3OTHER,3,BELLA,BF,,,,
r4,Q3OTHER,3,DOGON,BF,dds,Donno So,FALSE,0
r4,Q3OTHER,3,DOGON,BF,dts,Toro So,FALSE,0
r4,Q3OTHER,3,KADO,BF,,,,
r4,Q3OTHER,3,KARAKAN,BF,,,,
r4,Q3OTHER,3,POUGOULI,BF,,,TRUE,1
r4,Q3OTHER,3,SISSABA,BF,,,,
r4,Q3OTHER,3,TAMACHECK,BF,,,,
r4,Q3OTHER,3,TOUSSIAN,BF,,,,
r4,Q3OTHER,5,ASSIN,GH,,,,
r4,Q3OTHER,5,BANDA,GH,,,TRUE,0
r4,Q3OTHER,5,BASARE,GH,,,TRUE,0
r4,Q3OTHER,5,BASSELI,GH,,,TRUE,0
r4,Q3OTHER,5,BEMUBA,GH,,,TRUE,0
r4,Q3OTHER,5,BIMOBA,GH,,,TRUE,0
r4,Q3OTHER,5,BISAB,GH,,,TRUE,0
r4,Q3OTHER,5,BREFO,GH,,,,
r4,Q3OTHER,5,BROSA,GH,,,TRUE,0
r4,Q3OTHER,5,BUILSA,GH,,,TRUE,0
r4,Q3OTHER,5,BULE,GH,,,TRUE,0
r4,Q3OTHER,5,BUSANGA,GH,,,,
r4,Q3OTHER,5,BUZANGA,GH,,,,
r4,Q3OTHER,5,DAGAARI,GH,,,TRUE,0
r4,Q3OTHER,5,DAGATE,GH,,,TRUE,0
r4,Q3OTHER,5,DAGOMBA,GH,,,TRUE,0
r4,Q3OTHER,5,DOLIME,GH,,,TRUE,1
r4,Q3OTHER,5,EFUTU,GH,,,TRUE,2
r4,Q3OTHER,5,FANTI,GH,,,,
r4,Q3OTHER,5,FRAFRA,GH,,,TRUE,0
r4,Q3OTHER,5,GONJA,GH,,,TRUE,1
r4,Q3OTHER,5,GRUMA,GH,,,TRUE,0
r4,Q3OTHER,5,GRUNI,GH,,,TRUE,0
r4,Q3OTHER,5,GRUSSI,GH,,,TRUE,0
r4,Q3OTHER,5,GUAN,GH,,,TRUE,2
r4,Q3OTHER,5,KASEM,GH,,,TRUE,0
r4,Q3OTHER,5,KASINA,GH,,,TRUE,0
r4,Q3OTHER,5,KONKOBA,GH,,,TRUE,0
r4,Q3OTHER,5,KOTOKOLI,GH,,,TRUE,0
r4,Q3OTHER,5,KUSAL,GH,,,TRUE,1
r4,Q3OTHER,5,KUSASI,GH,,,TRUE,1
r4,Q3OTHER,5,LARTEH,GH,,,TRUE,2
r4,Q3OTHER,5,LEKPEKPE,GH,,,TRUE,2
r4,Q3OTHER,5,MAMPRULI,GH,,,TRUE,0
r4,Q3OTHER,5,MAMPRUSI,GH,,,TRUE,0
r4,Q3OTHER,5,MOSSI,GH,,,TRUE,0
r4,Q3OTHER,5,NAFANA,GH,,,TRUE,0
r4,Q3OTHER,5,NANUM,GH,,,TRUE,0
r4,Q3OTHER,5,NZEMA,GH,,,TRUE,2
r4,Q3OTHER,5,SEFWI,GH,,,TRUE,1
r4,Q3OTHER,5,SISILA,GH,,,TRUE,1
r4,Q3OTHER,5,TALENSI,GH,,,TRUE,0
r4,Q3OTHER,5,TAMPULMA,GH,,,TRUE,0
r4,Q3OTHER,5,WA DORMU,GH,,,,
r4,Q3OTHER,5,WAALA,GH,,,TRUE,1
r4,Q3OTHER,5,WASSA,GH,,,TRUE,1
r4,Q3OTHER,5,ZABRAMA,GH,,,,
r4,Q3OTHER,5,ZUGU,GH,,,,
r4,Q3OTHER,6,Arabic,KE,ams,Arabic (Modern Standard),FALSE,0
r4,Q3OTHER,6,Bajun,KE,,,TRUE,0
r4,Q3OTHER,6,Borana,KE,,,TRUE,0
r4,Q3OTHER,6,Digo,KE,,,TRUE,2
r4,Q3OTHER,6,Gabra,KE,,,,
r4,Q3OTHER,6,Giriama,KE,,,TRUE,2
r4,Q3OTHER,6,Gujarat,KE,,,TRUE,0
r4,Q3OTHER,6,Indian,KE,,,TRUE,0
r4,Q3OTHER,6,Kipsigis,KE,,,TRUE,0
r4,Q3OTHER,6,Pokomo,KE,,,TRUE,2
r4,Q3OTHER,6,Saboti,KE,,,TRUE,0
r4,Q3OTHER,6,Teso,KE,,,TRUE,0
r4,Q3OTHER,6,Tiriki,KE,,,TRUE,0
r4,Q3OTHER,7,Isixhoza,LS,,,TRUE,0
r4,Q3OTHER,7,Mzema,LS,,,,
r4,Q3OTHER,7,Zhoza,LS,,,TRUE,0
r4,Q3OTHER,8,Sarpo,LR,,,TRUE,1
r4,Q3OTHER,10,Khokhola,MW,,,TRUE,1
r4,Q3OTHER,10,Namwanga,MW,,,,
r4,Q3OTHER,10,Ndali,MW,,,TRUE,2
r4,Q3OTHER,10,Nyika,MW,,,TRUE,1
r4,Q3OTHER,10,Wiza,MW,,,,
r4,Q3OTHER,11,Haoussa,ML,,,TRUE,0
r4,Q3OTHER,11,Kakolo,ML,,,TRUE,1
r4,Q3OTHER,11,Samogo,ML,,,TRUE,2
r4,Q3OTHER,11,Zerma,ML,,,TRUE,0
r4,Q3OTHER,12,CHEUA,MZ,,,TRUE,0
r4,Q3OTHER,12,CHEWA,MZ,,,TRUE,0
r4,Q3OTHER,12,CHEWE,MZ,,,TRUE,0
r4,Q3OTHER,12,CHIMANICA,MZ,,,,
r4,Q3OTHER,12,CHITEUE,MZ,,,TRUE,2
r4,Q3OTHER,12,CHIUTE,MZ,,,TRUE,2
r4,Q3OTHER,12,CHONA,MZ,,,,
r4,Q3OTHER,12,CHUABO,MZ,,,TRUE,2
r4,Q3OTHER,12,COTI,MZ,,,TRUE,0
r4,Q3OTHER,12,KIMWANI,MZ,,,TRUE,2
r4,Q3OTHER,12,LOLO,MZ,,,TRUE,1
r4,Q3OTHER,12,LOMUE,MZ,,,TRUE,2
r4,Q3OTHER,12,LOMWE,MZ,,,TRUE,2
r4,Q3OTHER,12,MACHEUA,MZ,,,,
r4,Q3OTHER,12,MAKWE,MZ,,,TRUE,2
r4,Q3OTHER,12,MALOLO,MZ,,,,
r4,Q3OTHER,12,MANHEMBANE,MZ,,,,
r4,Q3OTHER,12,MANHUNGUE,MZ,,,TRUE,2
r4,Q3OTHER,12,MARENGE,MZ,,,TRUE,1
r4,Q3OTHER,12,MARENJE,MZ,,,TRUE,1
r4,Q3OTHER,12,MATEUE,MZ,,,,
r4,Q3OTHER,12,MATHEWE,MZ,,,TRUE,2
r4,Q3OTHER,12,MATSUA,MZ,,,TRUE,2
r4,Q3OTHER,12,MUANI,MZ,,,TRUE,2
r4,Q3OTHER,12,MUAUNI,MZ,,,TRUE,2
r4,Q3OTHER,12,MUNIGA,MZ,,,TRUE,2
r4,Q3OTHER,12,MUNOGA,MZ,,,TRUE,2
r4,Q3OTHER,12,NHUNGUE,MZ,,,TRUE,2
r4,Q3OTHER,12,NYUNGUE,MZ,,,TRUE,2
r4,Q3OTHER,12,RONGA,MZ,,,TRUE,0
r4,Q3OTHER,12,SENA,MZ,,,TRUE,0
r4,Q3OTHER,12,SHONA,MZ,,,,
r4,Q3OTHER,12,"SHONA, CHEUA",MZ,,,,
r4,Q3OTHER,12,TACUANE,MZ,,,TRUE,1
r4,Q3OTHER,12,TEWE,MZ,,,TRUE,2
r4,Q3OTHER,12,TONGA,MZ,,,TRUE,0
r4,Q3OTHER,12,XITEU,MZ,,,TRUE,2
r4,Q3OTHER,12,XITSUA,MZ,,,TRUE,2
r4,Q3OTHER,13,Mufwe,NA,,,TRUE,2
r4,Q3OTHER,13,Nyemba,NA,,,,
r4,Q3OTHER,13,San,NA,,,TRUE,0
r4,Q3OTHER,13,Sifwe,NA,,,TRUE,2
r4,Q3OTHER,13,Totela,NA,,,,
r4,Q3OTHER,13,Uumbundu,NA,,,TRUE,0
r4,Q3OTHER,14,ABI,NG,,,,
r4,Q3OTHER,14,ABUA,NG,,,TRUE,2
r4,Q3OTHER,14,ADUN,NG,,,TRUE,2
r4,Q3OTHER,14,AFIKPO,NG,,,TRUE,0
r4,Q3OTHER,14,AHUDA,NG,,,,
r4,Q3OTHER,14,AKA,NG,,,,
r4,Q3OTHER,14,AKWANDARA,NG,,,,
r4,Q3OTHER,14,ANDONI,NG,,,TRUE,0
r4,Q3OTHER,14,ANGAS,NG,,,TRUE,0
r4,Q3OTHER,14,ANKWAI,NG,,,TRUE,0
r4,Q3OTHER,14,ARAGO,NG,,,TRUE,1
r4,Q3OTHER,14,AWAK,NG,,,TRUE,4
r4,Q3OTHER,14,AWORI,NG,,,TRUE,0
r4,Q3OTHER,14,AZOQO,NG,,,,
r4,Q3OTHER,14,BABUR,NG,,,TRUE,0
r4,Q3OTHER,14,BACHAMA,NG,,,TRUE,1
r4,Q3OTHER,14,BADA,NG,,,TRUE,0
r4,Q3OTHER,14,BALAWA,NG,,,,
r4,Q3OTHER,14,BASSA,NG,,,TRUE,2
r4,Q3OTHER,14,BAZANFARA,NG,,,,
r4,Q3OTHER,14,BEKWAIRA,NG,,,,
r4,Q3OTHER,14,BETEM,NG,,,,
r4,Q3OTHER,14,BETTE,NG,,,TRUE,2
r4,Q3OTHER,14,BIROM,NG,,,TRUE,0
r4,Q3OTHER,14,BISA,NG,,,TRUE,0
r4,Q3OTHER,14,BRASS,NG,,,,
r4,Q3OTHER,14,CALABAR,NG,,,TRUE,0
r4,Q3OTHER,14,CHIBOK,NG,,,TRUE,1
r4,Q3OTHER,14,CROSS RIVER YALA,NG,,,TRUE,1
r4,Q3OTHER,14,DIEMAK,NG,,,,
r4,Q3OTHER,14,EAPIE,NG,,,,
r4,Q3OTHER,14,ECTHIE,NG,,,,
r4,Q3OTHER,14,EGBEMA,NG,,,TRUE,0
r4,Q3OTHER,14,EGBMA,NG,,,TRUE,0
r4,Q3OTHER,14,EGEDE,NG,,,TRUE,0
r4,Q3OTHER,14,EGGON,NG,,,TRUE,2
r4,Q3OTHER,14,EJAGAM,NG,,,TRUE,0
r4,Q3OTHER,14,ELEME,NG,,,TRUE,2
r4,Q3OTHER,14,EPEYE,NG,,,TRUE,2
r4,Q3OTHER,14,EPIA,NG,,,TRUE,1
r4,Q3OTHER,14,GBAGYI,NG,,,TRUE,0
r4,Q3OTHER,14,GLANDA,NG,,,TRUE,1
r4,Q3OTHER,14,GOMAI,NG,,,,
r4,Q3OTHER,14,GWARI,NG,,,TRUE,0
r4,Q3OTHER,14,HIGGI,NG,,,TRUE,1
r4,Q3OTHER,14,IBANI,NG,,,TRUE,4
r4,Q3OTHER,14,ICHEN,NG,,,TRUE,1
r4,Q3OTHER,14,IGARA,NG,,,TRUE,2
r4,Q3OTHER,14,IGEDE,NG,,,TRUE,0
r4,Q3OTHER,14,IPIA,NG,,,,
r4,Q3OTHER,14,IYALA,NG,,,TRUE,1
r4,Q3OTHER,14,JUKUN,NG,,,TRUE,0
r4,Q3OTHER,14,JUKUN DONGA,NG,,,TRUE,0
r4,Q3OTHER,14,KAGORO,NG,,,TRUE,0
r4,Q3OTHER,14,KAGORU,NG,,,,
r4,Q3OTHER,14,KALABARI,NG,,,TRUE,4
r4,Q3OTHER,14,KAMBARI,NG,,,TRUE,2
r4,Q3OTHER,14,KAMBU,NG,,,TRUE,1
r4,Q3OTHER,14,KARI-KARI,NG,,,TRUE,2
r4,Q3OTHER,14,KATAF,NG,,,TRUE,0
r4,Q3OTHER,14,KATAF(ATYAP),NG,,,TRUE,0
r4,Q3OTHER,14,KHANA,NG,,,TRUE,0
r4,Q3OTHER,14,KUTEB,NG,,,TRUE,2
r4,Q3OTHER,14,KWALLA,NG,,,TRUE,1
r4,Q3OTHER,14,MAMBILLA,NG,,,TRUE,1
r4,Q3OTHER,14,MANGA,NG,,,TRUE,1
r4,Q3OTHER,14,MARGHI,NG,,,TRUE,0
r4,Q3OTHER,14,MBEMBE,NG,,,TRUE,2
r4,Q3OTHER,14,MICHICA,NG,,,,
r4,Q3OTHER,14,MINYAM,NG,,,,
r4,Q3OTHER,14,MUMUYE,NG,,,TRUE,0
r4,Q3OTHER,14,MURYANG,NG,,,,
r4,Q3OTHER,14,MWAGHAWUL,NG,,,TRUE,0
r4,Q3OTHER,14,NDORO,NG,,,TRUE,2
r4,Q3OTHER,14,NEDERE,NG,,,TRUE,3
r4,Q3OTHER,14,NUMANA,NG,,,TRUE,1
r4,Q3OTHER,14,OBUBRA,NG,,,,
r4,Q3OTHER,14,OGAJA,NG,,,,
r4,Q3OTHER,14,OGBIA,NG,,,TRUE,0
r4,Q3OTHER,14,OKIRIKA,NG,,,TRUE,4
r4,Q3OTHER,14,OPOBO,NG,,,,
r4,Q3OTHER,14,ORON,NG,,,TRUE,2
r4,Q3OTHER,14,RENDERE,NG,,,TRUE,1
r4,Q3OTHER,14,SHUWA ARAB,NG,abb,Arabic (Abbéché Chad),FALSE,0
r4,Q3OTHER,14,TANGALE,NG,,,TRUE,0
r4,Q3OTHER,14,TARAH,NG,,,TRUE,0
r4,Q3OTHER,14,TERA,NG,,,TRUE,0
r4,Q3OTHER,14,TIGUM,NG,,,TRUE,2
r4,Q3OTHER,14,TIGUN,NG,,,TRUE,2
r4,Q3OTHER,14,UGEP,NG,,,TRUE,2
r4,Q3OTHER,14,WAJA,NG,,,TRUE,4
r4,Q3OTHER,14,YAKUR,NG,,,TRUE,2
r4,Q3OTHER,14,ZURU,NG,,,TRUE,1
r4,Q3OTHER,15,Balante,SN,,,TRUE,0
r4,Q3OTHER,15,Marocain,SN,,,,
r4,Q3OTHER,16,Asian,ZA,,,,
r4,Q3OTHER,16,Asian/Indian,ZA,,,,
r4,Q3OTHER,16,Chichewa,ZA,,,TRUE,0
r4,Q3OTHER,16,Indian,ZA,,,,
r4,Q3OTHER,16,Pashto,ZA,,,TRUE,1
r4,Q3OTHER,17,KAKAGURU,TZ,,,,
r4,Q3OTHER,17,KIAL-YOROBI,TZ,,,,
r4,Q3OTHER,17,KIARUSHA,TZ,,,,
r4,Q3OTHER,17,KIASI,TZ,,,,
r4,Q3OTHER,17,KIBARBAIK,TZ,,,,
r4,Q3OTHER,17,KIBEMBE,TZ,,,TRUE,2
r4,Q3OTHER,17,KIBENA,TZ,,,TRUE,2
r4,Q3OTHER,17,KIBONDEI,TZ,,,TRUE,2
r4,Q3OTHER,17,KIBUNGU,TZ,,,TRUE,2
r4,Q3OTHER,17,KIDIGO,TZ,,,TRUE,2
r4,Q3OTHER,17,KIHA,TZ,,,TRUE,2
r4,Q3OTHER,17,KIHANGAZA,TZ,,,TRUE,2
r4,Q3OTHER,17,KIHINDI,TZ,,,,
r4,Q3OTHER,17,KIIRAQI,TZ,,,,
r4,Q3OTHER,17,KIJALUO,TZ,,,,
r4,Q3OTHER,17,KIJITA,TZ,,,TRUE,2
r4,Q3OTHER,17,KIKEREWE,TZ,,,TRUE,2
r4,Q3OTHER,17,KIKIMBU,TZ,,,TRUE,2
r4,Q3OTHER,17,KIKINE,TZ,,,TRUE,2
r4,Q3OTHER,17,KIKINGA,TZ,,,TRUE,0
r4,Q3OTHER,17,KIKONONGO,TZ,,,TRUE,1
r4,Q3OTHER,17,KIKUTU,TZ,,,TRUE,2
r4,Q3OTHER,17,KIKWAYA,TZ,,,TRUE,2
r4,Q3OTHER,17,KILAMBYA,TZ,,,,
r4,Q3OTHER,17,KILINDI,TZ,,,,
r4,Q3OTHER,17,KILUNGWA,TZ,,,,
r4,Q3OTHER,17,KIMAKUA,TZ,,,TRUE,1
r4,Q3OTHER,17,KIMALILA,TZ,,,TRUE,2
r4,Q3OTHER,17,KIMAMBWE,TZ,,,TRUE,0
r4,Q3OTHER,17,KIMATENGO,TZ,,,TRUE,2
r4,Q3OTHER,17,KIMATUMBI,TZ,,,TRUE,0
r4,Q3OTHER,17,KIMBEMBE,TZ,,,,
r4,Q3OTHER,17,KIMBULU,TZ,,,,
r4,Q3OTHER,17,KIMBUNGO,TZ,,,,
r4,Q3OTHER,17,KIMERU,TZ,,,TRUE,2
r4,Q3OTHER,17,KIMWERA,TZ,,,TRUE,0
r4,Q3OTHER,17,KINDALI,TZ,,,TRUE,2
r4,Q3OTHER,17,KINDAMBA,TZ,,,TRUE,2
r4,Q3OTHER,17,KINDENDEULE,TZ,,,TRUE,2
r4,Q3OTHER,17,KINDENGEREKO,TZ,,,TRUE,2
r4,Q3OTHER,17,KINGINDO,TZ,,,TRUE,2
r4,Q3OTHER,17,KINGONI,TZ,,,TRUE,0
r4,Q3OTHER,17,KINYAGAZWA,TZ,,,,
r4,Q3OTHER,17,KINYAMBO,TZ,,,TRUE,0
r4,Q3OTHER,17,KINYAMWANGA,TZ,,,TRUE,2
r4,Q3OTHER,17,KINYIHA,TZ,,,TRUE,1
r4,Q3OTHER,17,KIPANGWA,TZ,,,TRUE,0
r4,Q3OTHER,17,KIPIMBWE,TZ,,,TRUE,2
r4,Q3OTHER,17,KIPOGORO,TZ,,,,
r4,Q3OTHER,17,KIRANGI,TZ,,,TRUE,0
r4,Q3OTHER,17,KIRYERI,TZ,,,,
r4,Q3OTHER,17,KISAFWA,TZ,,,TRUE,2
r4,Q3OTHER,17,KISAGARA,TZ,,,TRUE,2
r4,Q3OTHER,17,KISAMBAA,TZ,,,TRUE,0
r4,Q3OTHER,17,KISANGU,TZ,,,TRUE,2
r4,Q3OTHER,17,KISHIHIRI,TZ,,,,
r4,Q3OTHER,17,KISHIRAZI,TZ,,,,
r4,Q3OTHER,17,KISHUBI,TZ,,,TRUE,2
r4,Q3OTHER,17,KISUBA,TZ,,,TRUE,2
r4,Q3OTHER,17,KISUMBWA,TZ,,,TRUE,2
r4,Q3OTHER,17,KITUMBATU,TZ,,,,
r4,Q3OTHER,17,KIVIDUNDA,TZ,,,TRUE,2
r4,Q3OTHER,17,KIWANJI,TZ,,,TRUE,2
r4,Q3OTHER,17,KIYAO,TZ,,,TRUE,0
r4,Q3OTHER,17,KIZANAKI,TZ,,,TRUE,2
r4,Q3OTHER,17,KIZARAMO,TZ,,,TRUE,2
r4,Q3OTHER,17,KIZIGUA,TZ,,,TRUE,2
r4,Q3OTHER,17,KIZINZA,TZ,,,TRUE,2
r4,Q3OTHER,18,Akumu,UG,,,,
r4,Q3OTHER,18,Aringa,UG,,,TRUE,1
r4,Q3OTHER,18,Kakwa,UG,,,TRUE,1
r4,Q3OTHER,18,Karamajong,UG,,,,
r4,Q3OTHER,18,Kumam,UG,,,TRUE,2
r4,Q3OTHER,18,Lululi,UG,,,TRUE,2
r4,Q3OTHER,18,Lwamba,UG,,,TRUE,2
r4,Q3OTHER,18,Nubian,UG,,,TRUE,0
r4,Q3OTHER,18,Rufumbira,UG,,,TRUE,0
r4,Q3OTHER,18,Rulundi,UG,,,TRUE,0
r4,Q3OTHER,18,Runyarwanda,UG,,,TRUE,0
r4,Q3OTHER,18,Rwandese,UG,,,TRUE,0
r4,Q3OTHER,18,Sabiny,UG,,,TRUE,0
r4,Q3OTHER,19,BWILE,ZM,,,TRUE,2
r4,Q3OTHER,19,CHOKWE,ZM,,,TRUE,2
r4,Q3OTHER,19,ICISHILA,ZM,,,,
r4,Q3OTHER,19,KUNDA,ZM,,,TRUE,0
r4,Q3OTHER,19,LALA,ZM,,,TRUE,2
r4,Q3OTHER,19,LAMBA,ZM,,,TRUE,0
r4,Q3OTHER,19,LUCHAZI,ZM,,,TRUE,0
r4,Q3OTHER,19,LUNDA KAZEMBE,ZM,,,TRUE,0
r4,Q3OTHER,19,LUNGU,ZM,,,TRUE,0
r4,Q3OTHER,19,MBUNDA,ZM,,,TRUE,2
r4,Q3OTHER,19,NDEBELE,ZM,,,,
r4,Q3OTHER,19,NGUMBO,ZM,,,,
r4,Q3OTHER,19,NYIKA,ZM,,,TRUE,1
r4,Q3OTHER,19,SALA,ZM,,,TRUE,2
r4,Q3OTHER,19,SENGA,ZM,,,TRUE,2
r4,Q3OTHER,19,SHONA,ZM,,,TRUE,0
r4,Q3OTHER,19,SWAKA,ZM,,,TRUE,2
r4,Q3OTHER,19,TOKALEYA,ZM,,,,
r4,Q3OTHER,19,USHI,ZM,,,TRUE,2
r4,Q3OTHER,19,USMI,ZM,,,,
r4,Q3OTHER,19,ZEZULU,ZM,,,TRUE,0
r4,Q3OTHER,20,BUDYA,ZW,,,,
r4,Q3OTHER,20,CHANGANI,ZW,,,,
r4,Q3OTHER,20,CHEWA,ZW,,,,
r4,Q3OTHER,20,CHIKARANGA,ZW,,,TRUE,0
r4,Q3OTHER,20,DOMBE,ZW,,,TRUE,1
r4,Q3OTHER,20,KARANGA,ZW,,,TRUE,0
r4,Q3OTHER,20,KOREKORE,ZW,,,TRUE,0
r4,Q3OTHER,20,MALAWIAN,ZW,,,,
r4,Q3OTHER,20,MANICA (MOZAMBICAN),ZW,,,,
r4,Q3OTHER,20,MANYIKA,ZW,,,TRUE,2
r4,Q3OTHER,20,MAUNGWE,ZW,,,,
r4,Q3OTHER,20,MOZAMBICAN,ZW,,,,
r4,Q3OTHER,20,NAMBIA,ZW,,,,
r4,Q3OTHER,20,NAMBYA,ZW,,,TRUE,1
r4,Q3OTHER,20,NDAU,ZW,,,TRUE,2
r4,Q3OTHER,20,NYAHO (CHAWA),ZW,,,,
r4,Q3OTHER,20,NYANJA,ZW,,,TRUE,0
r4,Q3OTHER,20,SHANGANI,ZW,,,TRUE,0
r4,Q3OTHER,20,TAURA (MOZAMBICAN),ZW,,,,
r4,Q3OTHER,20,YAO,ZW,,,,
r4,Q3OTHER,20,ZEZURU,ZW,,,TRUE,0
r5,Q103OTHER,1,BOO,BJ,,,,
r5,Q103OTHER,1,DITAMARI,BJ,,,TRUE,1
r5,Q103OTHER,1,PEULH,BJ,,,TRUE,0
r5,Q103OTHER,6,ENG AND SWAHILI,KE,,,,
r5,Q103OTHER,6,KISII,KE,,,TRUE,0
r5,Q103OTHER,6,KURIA,KE,,,TRUE,2
r5,Q103OTHER,6,MASAI,KE,,,TRUE,0
r5,Q103OTHER,6,POKOT,KE,,,TRUE,0
r5,Q103OTHER,6,SOMALI,KE,,,TRUE,0
r5,Q103OTHER,6,SWAHILI,KE,,,TRUE,0
r5,Q103OTHER,6,TURKANA,KE,,,TRUE,0
r5,Q103OTHER,7,SETHEPU,LS,,,,
r5,Q103OTHER,8,STANDARD ENGLISH,LR,,,TRUE,0
r5,Q103OTHER,12,RONGA,MZ,,,TRUE,0
r5,Q103OTHER,12,XITSUA,MZ,,,TRUE,2
r5,Q103OTHER,15,BADIARANKE,SN,,,,
r5,Q103OTHER,16,SHANGAAN,ZA,,,TRUE,0
r5,Q103OTHER,16,SISWATI,ZA,,,TRUE,0
r5,Q103OTHER,16,TSONGA,ZA,,,TRUE,0
r5,Q103OTHER,18,LUGWERE,UG,,,TRUE,2
r5,Q103OTHER,19,SENGA,ZM,,,TRUE,2
r5,Q103OTHER,19,TUMBUKA,ZM,,,TRUE,2
r5,Q103OTHER,20,NAMBYA,ZW,,,TRUE,1
r5,Q103OTHER,20,NDAU,ZW,,,TRUE,2
r5,Q103OTHER,20,NYANJA,ZW,,,TRUE,0
r5,Q103OTHER,20,SHONA & NDEBELE,ZW,,,,
r5,Q103OTHER,21,BHOJPURI,MU,,,TRUE,0
r5,Q103OTHER,22,LIMBA,SL,,,TRUE,2
r5,Q103OTHER,22,SHERBRO,SL,,,TRUE,3
r5,Q103OTHER,24,AKEBOU,TG,,,TRUE,2
r5,Q103OTHER,24,GANGAN,TG,,,,
r5,Q103OTHER,24,GOURMA,TG,,,TRUE,0
r5,Q103OTHER,24,HAOUSSA,TG,,,TRUE,0
r5,Q103OTHER,24,KPESSI,TG,,,TRUE,1
r5,Q103OTHER,24,MINA,TG,,,TRUE,2
r5,Q103OTHER,26,BAHAM,CM,,,TRUE,1
r5,Q103OTHER,26,BANDJOUN,CM,,,TRUE,1
r5,Q103OTHER,26,DII,CM,,,TRUE,0
r5,Q103OTHER,26,GUIDAR,CM,,,TRUE,0
r5,Q103OTHER,26,HAOUSSA,CM,,,TRUE,0
r5,Q103OTHER,26,MAFA,CM,,,TRUE,1
r5,Q103OTHER,26,MBAMOIS,CM,,,,
r5,Q103OTHER,26,MBO,CM,,,TRUE,2
r5,Q103OTHER,26,MBOUM,CM,,,TRUE,0
r5,Q103OTHER,26,TIKAR,CM,,,TRUE,0
r5,Q103OTHER,26,YAMBASSA,CM,,,TRUE,2
r5,Q103OTHER,28,BASSANO FOULA,GN,,,TRUE,0
r5,Q103OTHER,28,LANDOUMA,GN,,,TRUE,1
r5,Q103OTHER,28,MANIAN,GN,,,,
r5,Q103OTHER,30,ISIZULU,SZ,,,TRUE,0
r5,Q116OTHER,1,BOO,BJ,,,,
r5,Q116OTHER,3,FULSE,BF,,,TRUE,0
r5,Q116OTHER,5,DAGAARE,GH,,,TRUE,0
r5,Q116OTHER,5,FRAFRA,GH,,,TRUE,0
r5,Q116OTHER,5,WAALE,GH,,,TRUE,1
r5,Q116OTHER,12,CHITEWE,MZ,,,TRUE,2
r5,Q116OTHER,12,XITSWA,MZ,,,TRUE,2
r5,Q116OTHER,14,BABUR,NG,,,TRUE,0
r5,Q116OTHER,14,BACHAMA,NG,,,TRUE,1
r5,Q116OTHER,14,BAJJU,NG,gwo,Gworok,FALSE,0
r5,Q116OTHER,14,BASSA,NG,,,TRUE,2
r5,Q116OTHER,14,BURAH,NG,,,TRUE,0
r5,Q116OTHER,14,IZERE,NG,,,TRUE,1
r5,Q116OTHER,14,JABA,NG,,,TRUE,2
r5,Q116OTHER,14,JARAWA,NG,jar,Jarawa (in Nigeria),FALSE,0
r5,Q116OTHER,14,JUKUN,NG,,,TRUE,0
r5,Q116OTHER,14,KORO,NG,,,TRUE,2
r5,Q116OTHER,14,NGAS,NG,,,TRUE,0
r5,Q116OTHER,14,RON,NG,,,TRUE,0
r5,Q116OTHER,14,SAYAWA,NG,,,TRUE,3
r5,Q116OTHER,14,ZURU,NG,,,TRUE,1
r5,Q116OTHER,17,KIJITA,TZ,,,TRUE,2
r5,Q116OTHER,17,KILURI,TZ,,,,
r5,Q116OTHER,18,RUFUMBIIRA,UG,,,TRUE,0
r5,Q116OTHER,19,NYIKA,ZM,,,TRUE,1
r5,Q116OTHER,24,ANYANGA,TG,,,TRUE,1
r5,Q116OTHER,26,BANDJOUN,CM,,,TRUE,1
r5,Q116OTHER,26,BANEN,CM,,,TRUE,0
r5,Q116OTHER,26,BASSA,CM,,,TRUE,0
r5,Q116OTHER,26,BAYANGAM,CM,,,,
r5,Q116OTHER,26,ETON,CM,,,TRUE,2
r5,Q116OTHER,26,KOTOKO,CM,,,,
r5,Q116OTHER,26,MAFA,CM,,,TRUE,1
r5,Q116OTHER,26,MBO,CM,,,TRUE,2
r5,Q116OTHER,26,NTOUMOU,CM,,,TRUE,2
r5,Q116OTHER,26,NYEM NYEM,CM,,,,
r5,Q116OTHER,27,ABOURE,CI,,,TRUE,2
r5,Q116OTHER,27,AHIZI,CI,,,TRUE,0
r5,Q116OTHER,27,DAHOMEY,CI,,,,
r5,Q116OTHER,27,TOURA,CI,,,TRUE,1
r5,Q116OTHER,27,WOBE,CI,,,TRUE,0
r5,Q116OTHER,33,TAMAZIGHT,MA,,,TRUE,1
r5,Q2OTHER,1,BOO,BJ,,,,
r5,Q2OTHER,1,FODO,BJ,,,,
r5,Q2OTHER,1,HOUSSA,BJ,,,TRUE,0
r5,Q2OTHER,1,KOTOCOLI,BJ,,,,
r5,Q2OTHER,1,KOURA,BJ,,,,
r5,Q2OTHER,1,NATIMBA,BJ,,,TRUE,0
r5,Q2OTHER,1,WAAMA,BJ,,,TRUE,0
r5,Q2OTHER,1,ZERMA,BJ,,,,
r5,Q2OTHER,2,MOKAA,BW,,,,
r5,Q2OTHER,2,PARAKARUNGU,BW,,,,
r5,Q2OTHER,2,SEBANDERU,BW,,,,
r5,Q2OTHER,2,SEBOLONGWE,BW,,,,
r5,Q2OTHER,2,SEKOLONG,BW,,,,
r5,Q2OTHER,2,SENANJWA,BW,,,,
r5,Q2OTHER,2,SEPEDI,BW,,,TRUE,0
r5,Q2OTHER,2,SETEBELE,BW,,,TRUE,2
r5,Q2OTHER,2,SETLHARO,BW,,,,
r5,Q2OTHER,2,SETSWAPONG,BW,,,TRUE,1
r5,Q2OTHER,3,BOBO,BF,bbf,Bobo Madaré (Northern),FALSE,0
r5,Q2OTHER,3,BOLON,BF,,,TRUE,1
r5,Q2OTHER,3,DAFING,BF,,,TRUE,2
r5,Q2OTHER,3,DOGOSSE,BF,,,TRUE,2
r5,Q2OTHER,3,HAOUSSA,BF,,,TRUE,0
r5,Q2OTHER,3,MIONGA,BF,,,,
r5,Q2OTHER,3,SAMBLA,BF,,,TRUE,2
r5,Q2OTHER,3,TOUSSIAN,BF,,,,
r5,Q2OTHER,3,TURKA,BF,,,TRUE,1
r5,Q2OTHER,3,YANAN,BF,,,,
r5,Q2OTHER,5,AKAN,GH,,,TRUE,0
r5,Q2OTHER,5,AKYODE,GH,,,TRUE,1
r5,Q2OTHER,5,AWUTU,GH,,,TRUE,2
r5,Q2OTHER,5,AYIGBE,GH,,,,
r5,Q2OTHER,5,BANDA,GH,,,TRUE,0
r5,Q2OTHER,5,BASARE,GH,,,TRUE,0
r5,Q2OTHER,5,BATTOR,GH,,,,
r5,Q2OTHER,5,BIMOBA,GH,,,TRUE,0
r5,Q2OTHER,5,BIRIFORI,GH,,,TRUE,2
r5,Q2OTHER,5,BUILE,GH,,,,
r5,Q2OTHER,5,BUILSA,GH,,,TRUE,0
r5,Q2OTHER,5,BUSANGA,GH,,,,
r5,Q2OTHER,5,CHAMBA,GH,,,TRUE,0
r5,Q2OTHER,5,CHIMULLU,GH,,,TRUE,0
r5,Q2OTHER,5,CHOKOSI,GH,,,TRUE,0
r5,Q2OTHER,5,DAGAARE,GH,,,TRUE,0
r5,Q2OTHER,5,DAGOMBA,GH,,,TRUE,0
r5,Q2OTHER,5,DIBEBI,GH,,,,
r5,Q2OTHER,5,FANTE,GH,,,,
r5,Q2OTHER,5,FRAFRA,GH,,,TRUE,0
r5,Q2OTHER,5,FULANI,GH,,,TRUE,0
r5,Q2OTHER,5,GONJA,GH,,,TRUE,1
r5,Q2OTHER,5,GRUNI,GH,,,TRUE,0
r5,Q2OTHER,5,GUAN,GH,,,TRUE,2
r5,Q2OTHER,5,GURUMA,GH,,,TRUE,0
r5,Q2OTHER,5,HANGA,GH,,,TRUE,1
r5,Q2OTHER,5,KANJAGA,GH,,,TRUE,0
r5,Q2OTHER,5,KASENA,GH,,,TRUE,0
r5,Q2OTHER,5,KONKOMBA,GH,,,TRUE,0
r5,Q2OTHER,5,KOTOKOLI,GH,,,TRUE,0
r5,Q2OTHER,5,KRACHI,GH,,,TRUE,1
r5,Q2OTHER,5,KROBO,GH,,,TRUE,1
r5,Q2OTHER,5,KUSAASI,GH,,,TRUE,1
r5,Q2OTHER,5,KUSAL,GH,,,TRUE,1
r5,Q2OTHER,5,LAKPAKAW,GH,,,TRUE,0
r5,Q2OTHER,5,MAMPRULI,GH,,,TRUE,0
r5,Q2OTHER,5,MOSHIE,GH,,,TRUE,0
r5,Q2OTHER,5,NABDAM,GH,,,TRUE,0
r5,Q2OTHER,5,NANUMBA,GH,,,TRUE,0
r5,Q2OTHER,5,NAWURT,GH,,,,
r5,Q2OTHER,5,NKURA,GH,,,TRUE,2
r5,Q2OTHER,5,NUSU,GH,,,,
r5,Q2OTHER,5,NZEMA,GH,,,TRUE,2
r5,Q2OTHER,5,SISSALA,GH,,,TRUE,1
r5,Q2OTHER,5,TALENSI,GH,,,TRUE,0
r5,Q2OTHER,5,TIMBRU,GH,,,,
r5,Q2OTHER,5,TOMBOLON,GH,,,TRUE,0
r5,Q2OTHER,5,WAALA,GH,,,TRUE,1
r5,Q2OTHER,5,WANGRA,GH,,,,
r5,Q2OTHER,5,ZAMRAMA,GH,,,,
r5,Q2OTHER,6,ARABIC,KE,ams,Arabic (Modern Standard),FALSE,0
r5,Q2OTHER,6,ASIAN SOUTH,KE,,,,
r5,Q2OTHER,6,BORANA,KE,,,TRUE,0
r5,Q2OTHER,6,DINKA,KE,,,,
r5,Q2OTHER,6,GIRIAMA,KE,,,TRUE,2
r5,Q2OTHER,6,GUJRATHI,KE,,,TRUE,0
r5,Q2OTHER,6,"HALF TAITA, HALF ZAI",KE,,,,
r5,Q2OTHER,6,HINDU,KE,,,TRUE,0
r5,Q2OTHER,6,INDIAN,KE,,,TRUE,0
r5,Q2OTHER,6,KENYAN,KE,,,TRUE,0
r5,Q2OTHER,6,KIRINYAGA,KE,,,TRUE,0
r5,Q2OTHER,6,KURIA,KE,,,TRUE,2
r5,Q2OTHER,6,MARACHI,KE,,,TRUE,0
r5,Q2OTHER,6,MBEERE,KE,,,TRUE,2
r5,Q2OTHER,6,NUBIAN,KE,,,TRUE,0
r5,Q2OTHER,6,OROMA,KE,,,TRUE,1
r5,Q2OTHER,6,POKOMO,KE,,,TRUE,2
r5,Q2OTHER,6,PUNJABI,KE,,,TRUE,0
r5,Q2OTHER,6,RENDILE,KE,,,TRUE,0
r5,Q2OTHER,6,SABAOT,KE,,,TRUE,0
r5,Q2OTHER,6,SHELSHEL,KE,,,,
r5,Q2OTHER,6,SUBA,KE,,,TRUE,2
r5,Q2OTHER,6,TESO,KE,,,TRUE,0
r5,Q2OTHER,6,THARAKA,KE,,,TRUE,2
r5,Q2OTHER,6,WARDEI,KE,,,TRUE,0
r5,Q2OTHER,7,XHOSA,LS,,,TRUE,0
r5,Q2OTHER,8,SAPO,LR,,,TRUE,1
r5,Q2OTHER,10,CHILAMBYA,MW,,,TRUE,2
r5,Q2OTHER,10,CHINAMWANGA,MW,,,,
r5,Q2OTHER,10,CHINDALI,MW,,,TRUE,2
r5,Q2OTHER,10,CHINDALII,MW,,,TRUE,2
r5,Q2OTHER,10,CHINDEBELE,MW,,,,
r5,Q2OTHER,10,CHINYAKYUSA,MW,,,,
r5,Q2OTHER,10,CHINYIKA,MW,,,TRUE,1
r5,Q2OTHER,11,DAFING,ML,,,TRUE,2
r5,Q2OTHER,12,BITONGA,MZ,,,TRUE,2
r5,Q2OTHER,12,CHECHEWA,MZ,,,TRUE,0
r5,Q2OTHER,12,CHIBARUE,MZ,,,TRUE,1
r5,Q2OTHER,12,CHIBAURE,MZ,,,TRUE,1
r5,Q2OTHER,12,CHIBURUE,MZ,,,TRUE,1
r5,Q2OTHER,12,CHICHEWA,MZ,,,TRUE,0
r5,Q2OTHER,12,CHIGORONGOZI,MZ,,,,
r5,Q2OTHER,12,CHIMANICA,MZ,,,,
r5,Q2OTHER,12,CHIMARENGE,MZ,,,,
r5,Q2OTHER,12,CHINGONI,MZ,,,TRUE,0
r5,Q2OTHER,12,CHINGOZI,MZ,,,,
r5,Q2OTHER,12,CHINHUNGUE,MZ,,,TRUE,2
r5,Q2OTHER,12,CHITAWALA,MZ,,,TRUE,2
r5,Q2OTHER,12,CHITEWE,MZ,,,TRUE,2
r5,Q2OTHER,12,CHITSWA,MZ,,,TRUE,2
r5,Q2OTHER,12,CICOTI,MZ,,,TRUE,0
r5,Q2OTHER,12,ENGLISH,MZ,,,TRUE,0
r5,Q2OTHER,12,KIMUANI,MZ,,,TRUE,2
r5,Q2OTHER,12,LOLO,MZ,,,TRUE,1
r5,Q2OTHER,12,LOMWE,MZ,,,TRUE,2
r5,Q2OTHER,12,LUMWE,MZ,,,TRUE,2
r5,Q2OTHER,12,MANHAWA,MZ,,,,
r5,Q2OTHER,12,NHARINGA,MZ,,,,
r5,Q2OTHER,12,NSENGA,MZ,,,TRUE,0
r5,Q2OTHER,12,RONGA,MZ,,,TRUE,0
r5,Q2OTHER,12,TACUANE,MZ,,,TRUE,1
r5,Q2OTHER,12,YAO,MZ,,,TRUE,0
r5,Q2OTHER,13,BARAKWENA,NA,,,TRUE,0
r5,Q2OTHER,13,KAVANGO,NA,,,,
r5,Q2OTHER,13,NYEMBA,NA,,,,
r5,Q2OTHER,13,RUMBUNDU,NA,,,TRUE,0
r5,Q2OTHER,13,SHONA,NA,,,,
r5,Q2OTHER,13,ZEMBAS,NA,,,TRUE,2
r5,Q2OTHER,14,AFIZERE,NG,,,TRUE,1
r5,Q2OTHER,14,AGBOR,NG,,,TRUE,1
r5,Q2OTHER,14,AHOADA,NG,,,,
r5,Q2OTHER,14,AKUMAZI,NG,,,,
r5,Q2OTHER,14,ALAGO,NG,,,TRUE,1
r5,Q2OTHER,14,AMOH,NG,,,TRUE,0
r5,Q2OTHER,14,ANANG,NG,,,TRUE,1
r5,Q2OTHER,14,ANDONI,NG,,,TRUE,0
r5,Q2OTHER,14,ANGAS,NG,,,TRUE,0
r5,Q2OTHER,14,ATTAKAR,NG,,,TRUE,0
r5,Q2OTHER,14,AUCHI,NG,,,TRUE,0
r5,Q2OTHER,14,AWA,NG,,,,
r5,Q2OTHER,14,BAGWOM,NG,,,,
r5,Q2OTHER,14,BAJJU,NG,gwo,Gworok,FALSE,0
r5,Q2OTHER,14,BAKAMUKA,NG,,,,
r5,Q2OTHER,14,BASANGE,NG,,,,
r5,Q2OTHER,14,BILLE,NG,,,TRUE,1
r5,Q2OTHER,14,BIROM,NG,,,TRUE,0
r5,Q2OTHER,14,BOGOBARA,NG,,,,
r5,Q2OTHER,14,BOLE,NG,,,TRUE,0
r5,Q2OTHER,14,BOROM,NG,,,,
r5,Q2OTHER,14,BURA,NG,,,TRUE,0
r5,Q2OTHER,14,CHAMBA,NG,,,TRUE,2
r5,Q2OTHER,14,CHAWAI,NG,,,TRUE,2
r5,Q2OTHER,14,CHIBOK,NG,,,TRUE,1
r5,Q2OTHER,14,DELTA,NG,,,,
r5,Q2OTHER,14,EGBUEUAKAA,NG,,,,
r5,Q2OTHER,14,EGGON,NG,,,TRUE,2
r5,Q2OTHER,14,EJAGAM,NG,,,TRUE,0
r5,Q2OTHER,14,EKPEYE,NG,,,TRUE,2
r5,Q2OTHER,14,ELEME,NG,,,TRUE,2
r5,Q2OTHER,14,ETSAKO,NG,,,TRUE,0
r5,Q2OTHER,14,EZI DELTA IGBO,NG,,,TRUE,0
r5,Q2OTHER,14,FAKUN,NG,,,,
r5,Q2OTHER,14,GBAGYI,NG,,,TRUE,0
r5,Q2OTHER,14,GBILE,NG,,,,
r5,Q2OTHER,14,GEUM,NG,,,,
r5,Q2OTHER,14,GWANDARA,NG,,,TRUE,1
r5,Q2OTHER,14,GWARI,NG,,,TRUE,0
r5,Q2OTHER,14,GWOZA,NG,,,,
r5,Q2OTHER,14,HIGGI,NG,,,TRUE,1
r5,Q2OTHER,14,IBAJI,NG,,,TRUE,2
r5,Q2OTHER,14,IBIE,NG,,,,
r5,Q2OTHER,14,IJAW,NG,,,TRUE,2
r5,Q2OTHER,14,IKA,NG,,,TRUE,1
r5,Q2OTHER,14,IKOM,NG,,,TRUE,2
r5,Q2OTHER,14,IKPENA,NG,,,,
r5,Q2OTHER,14,IRIGWE,NG,gwo,Gworok,FALSE,0
r5,Q2OTHER,14,ISOKO,NG,,,TRUE,0
r5,Q2OTHER,14,IZERE,NG,,,TRUE,1
r5,Q2OTHER,14,JABA,NG,,,TRUE,2
r5,Q2OTHER,14,JAJA,NG,,,,
r5,Q2OTHER,14,JARAWA,NG,jar,Jarawa (in Nigeria),FALSE,0
r5,Q2OTHER,14,JENJO,NG,,,TRUE,3
r5,Q2OTHER,14,JUKUN,NG,,,TRUE,0
r5,Q2OTHER,14,KADARA,NG,bir,Birom,FALSE,0
r5,Q2OTHER,14,KADARA,NG,fye,Fyem,FALSE,0
r5,Q2OTHER,14,KADARA,NG,gwo,Gworok,FALSE,0
r5,Q2OTHER,14,KADARA,NG,kgm,Kagoma,FALSE,0
r5,Q2OTHER,14,KADARA,NG,mdz,Mada (in Nigeria),FALSE,0
r5,Q2OTHER,14,KADARA,NG,tok,Tarok,FALSE,0
r5,Q2OTHER,14,KAGOMA,NG,,,TRUE,0
r5,Q2OTHER,14,KALABARI,NG,,,TRUE,4
r5,Q2OTHER,14,KAREKARE,NG,,,TRUE,2
r5,Q2OTHER,14,KARMO,NG,,,,
r5,Q2OTHER,14,KATAF,NG,,,TRUE,0
r5,Q2OTHER,14,KHANA,NG,,,TRUE,0
r5,Q2OTHER,14,KORO,NG,,,TRUE,2
r5,Q2OTHER,14,KURAMA,NG,,,TRUE,3
r5,Q2OTHER,14,KUTEB,NG,,,TRUE,2
r5,Q2OTHER,14,MADA,NG,,,TRUE,0
r5,Q2OTHER,14,MAGU,NG,,,TRUE,2
r5,Q2OTHER,14,MARGI,NG,,,TRUE,0
r5,Q2OTHER,14,MBUBE,NG,,,,
r5,Q2OTHER,14,MICHIKA,NG,,,,
r5,Q2OTHER,14,MIGILI,NG,,,TRUE,2
r5,Q2OTHER,14,MIYAWA,NG,,,TRUE,0
r5,Q2OTHER,14,MUMUYE,NG,,,TRUE,0
r5,Q2OTHER,14,MUPUN,NG,,,TRUE,0
r5,Q2OTHER,14,MWAGHAVUL,NG,,,TRUE,0
r5,Q2OTHER,14,NBULA,NG,,,TRUE,2
r5,Q2OTHER,14,NGAS,NG,,,TRUE,0
r5,Q2OTHER,14,NIGILI,NG,,,TRUE,2
r5,Q2OTHER,14,NINGAWA,NG,,,,
r5,Q2OTHER,14,NORTH IVIE,NG,,,,
r5,Q2OTHER,14,OGOJA,NG,,,,
r5,Q2OTHER,14,OHAFIA,NG,,,TRUE,0
r5,Q2OTHER,14,OKPE,NG,,,TRUE,3
r5,Q2OTHER,14,OKPELLA,NG,,,TRUE,1
r5,Q2OTHER,14,OKRIKA,NG,,,TRUE,4
r5,Q2OTHER,14,OLUKUMI,NG,,,,
r5,Q2OTHER,14,ONCE,NG,,,,
r5,Q2OTHER,14,OSOSO,NG,,,TRUE,1
r5,Q2OTHER,14,RON,NG,,,TRUE,0
r5,Q2OTHER,14,SAYAWA,NG,,,TRUE,3
r5,Q2OTHER,14,SHUWA,NG,abb,Arabic (Abbéché Chad),FALSE,0
r5,Q2OTHER,14,TANGALE,NG,,,TRUE,0
r5,Q2OTHER,14,TAROK,NG,,,TRUE,0
r5,Q2OTHER,14,TIV,NG,,,TRUE,0
r5,Q2OTHER,14,UKWALE,NG,,,TRUE,1
r5,Q2OTHER,14,UKWANI,NG,,,TRUE,1
r5,Q2OTHER,14,UWA,NG,,,,
r5,Q2OTHER,14,UZEBA,NG,,,,
r5,Q2OTHER,14,YAKHOR,NG,,,TRUE,2
r5,Q2OTHER,14,YOUM,NG,,,,
r5,Q2OTHER,14,ZAMJI,NG,,,,
r5,Q2OTHER,14,ZURO,NG,,,TRUE,1
r5,Q2OTHER,15,BADIARANKE,SN,,,,
r5,Q2OTHER,15,BALANTE,SN,,,TRUE,0
r5,Q2OTHER,15,BAYOTTE,SN,,,TRUE,2
r5,Q2OTHER,15,DIAHANKE,SN,,,TRUE,0
r5,Q2OTHER,15,MANKAGNE,SN,,,,
r5,Q2OTHER,15,MAURE,SN,,,,
r5,Q2OTHER,15,PEPELE,SN,,,,
r5,Q2OTHER,15,PORTUGAIS,SN,,,TRUE,0
r5,Q2OTHER,15,SOUSSOU,SN,,,TRUE,0
r5,Q2OTHER,15,TOURKA,SN,,,,
r5,Q2OTHER,16,BULGARIAN,ZA,,,TRUE,0
r5,Q2OTHER,16,CHINESE,ZA,mnd,Mandarin,FALSE,0
r5,Q2OTHER,16,TSONGA,ZA,,,TRUE,0
r5,Q2OTHER,17,KIARUSHA,TZ,,,,
r5,Q2OTHER,17,KIBENA,TZ,,,TRUE,2
r5,Q2OTHER,17,KIBENDE,TZ,,,TRUE,2
r5,Q2OTHER,17,KIBONDEI,TZ,,,TRUE,2
r5,Q2OTHER,17,KIBUNGA,TZ,,,,
r5,Q2OTHER,17,KIBUNGU,TZ,,,TRUE,2
r5,Q2OTHER,17,KIDOE,TZ,,,TRUE,2
r5,Q2OTHER,17,KIFIPA,TZ,,,TRUE,2
r5,Q2OTHER,17,KIGINDO,TZ,,,,
r5,Q2OTHER,17,KIGUNYA,TZ,,,,
r5,Q2OTHER,17,KIGWENO,TZ,,,TRUE,2
r5,Q2OTHER,17,KIHA,TZ,,,TRUE,2
r5,Q2OTHER,17,KIHANGAZA,TZ,,,TRUE,2
r5,Q2OTHER,17,KIIKIZU,TZ,,,TRUE,2
r5,Q2OTHER,17,KIIRAQ,TZ,,,,
r5,Q2OTHER,17,KIJALUO,TZ,,,,
r5,Q2OTHER,17,KIJITA,TZ,,,TRUE,2
r5,Q2OTHER,17,KIKAGULU,TZ,,,TRUE,0
r5,Q2OTHER,17,KIKAGURU,TZ,,,,
r5,Q2OTHER,17,KIKAHE,TZ,,,TRUE,2
r5,Q2OTHER,17,KIKALA,TZ,,,,
r5,Q2OTHER,17,KIKAMBA,TZ,,,,
r5,Q2OTHER,17,KIKEREWE,TZ,,,TRUE,2
r5,Q2OTHER,17,KIKIIZU,TZ,,,,
r5,Q2OTHER,17,KIKINGA,TZ,,,TRUE,0
r5,Q2OTHER,17,KIKISI,TZ,,,TRUE,2
r5,Q2OTHER,17,KIKUTU,TZ,,,TRUE,2
r5,Q2OTHER,17,KIKWAYA,TZ,,,TRUE,2
r5,Q2OTHER,17,KILONGO,TZ,,,,
r5,Q2OTHER,17,KILURI,TZ,,,,
r5,Q2OTHER,17,KIMAKUA,TZ,,,TRUE,1
r5,Q2OTHER,17,KIMAKUNDUCHI,TZ,,,,
r5,Q2OTHER,17,KIMALILA,TZ,,,TRUE,2
r5,Q2OTHER,17,KIMAMBWE,TZ,,,TRUE,0
r5,Q2OTHER,17,KIMANDA,TZ,,,TRUE,2
r5,Q2OTHER,17,KIMATENGO,TZ,,,TRUE,2
r5,Q2OTHER,17,KIMATUMBI,TZ,,,TRUE,0
r5,Q2OTHER,17,KIMBULU,TZ,,,,
r5,Q2OTHER,17,KIMDALE,TZ,,,,
r5,Q2OTHER,17,KIMUWANJI,TZ,,,,
r5,Q2OTHER,17,KIMWERA,TZ,,,TRUE,0
r5,Q2OTHER,17,KINATA,TZ,,,TRUE,2
r5,Q2OTHER,17,KINDALI,TZ,,,TRUE,2
r5,Q2OTHER,17,KINDAMBA,TZ,,,TRUE,2
r5,Q2OTHER,17,KINDENDEULE,TZ,,,TRUE,2
r5,Q2OTHER,17,KINDENGEREKO,TZ,,,TRUE,2
r5,Q2OTHER,17,KINGINDO,TZ,,,TRUE,2
r5,Q2OTHER,17,KINGUU,TZ,,,,
r5,Q2OTHER,17,KINYAGATWA,TZ,,,,
r5,Q2OTHER,17,KINYAMBO,TZ,,,TRUE,0
r5,Q2OTHER,17,KINYAMWANGA,TZ,,,TRUE,2
r5,Q2OTHER,17,KINYAMWEZI,TZ,,,TRUE,0
r5,Q2OTHER,17,KINYASA,TZ,,,TRUE,2
r5,Q2OTHER,17,KINYATURU,TZ,,,TRUE,0
r5,Q2OTHER,17,KINYIHA,TZ,,,TRUE,1
r5,Q2OTHER,17,KIPAGEBI,TZ,,,,
r5,Q2OTHER,17,KIPANGWA,TZ,,,TRUE,0
r5,Q2OTHER,17,KIPEMBA,TZ,,,,
r5,Q2OTHER,17,KIPIMBWE,TZ,,,TRUE,2
r5,Q2OTHER,17,KIPOGORO,TZ,,,,
r5,Q2OTHER,17,KIRANGI,TZ,,,TRUE,0
r5,Q2OTHER,17,KIRUFIJI,TZ,,,,
r5,Q2OTHER,17,KISAFWA,TZ,,,TRUE,2
r5,Q2OTHER,17,KISAGALA,TZ,,,TRUE,2
r5,Q2OTHER,17,KISAMBAA,TZ,,,TRUE,0
r5,Q2OTHER,17,KISANDAWE,TZ,,,TRUE,0
r5,Q2OTHER,17,KISANGU,TZ,,,TRUE,2
r5,Q2OTHER,17,KISANZU,TZ,,,,
r5,Q2OTHER,17,KISHIRAZI,TZ,,,,
r5,Q2OTHER,17,KISIMBITI,TZ,,,TRUE,2
r5,Q2OTHER,17,KISUBI,TZ,,,TRUE,2
r5,Q2OTHER,17,KISUMBWA,TZ,,,TRUE,2
r5,Q2OTHER,17,KISUNVA,TZ,,,,
r5,Q2OTHER,17,KISWAHILI,TZ,,,TRUE,0
r5,Q2OTHER,17,KITATUU,TZ,,,,
r5,Q2OTHER,17,KITONGWE,TZ,,,TRUE,2
r5,Q2OTHER,17,KITUMBATU,TZ,,,,
r5,Q2OTHER,17,KITUWAN,TZ,,,,
r5,Q2OTHER,17,KIUWANJI,TZ,,,,
r5,Q2OTHER,17,KIYAO,TZ,,,TRUE,0
r5,Q2OTHER,17,KIYUSI,TZ,,,,
r5,Q2OTHER,17,KIZANAKI,TZ,,,TRUE,2
r5,Q2OTHER,17,KIZARAMO,TZ,,,TRUE,2
r5,Q2OTHER,17,KIZIGUA,TZ,,,TRUE,2
r5,Q2OTHER,17,KIZINZA,TZ,,,TRUE,2
r5,Q2OTHER,18,ARINGA,UG,,,TRUE,1
r5,Q2OTHER,18,BAKENYI,UG,,,TRUE,2
r5,Q2OTHER,18,KAKWA,UG,,,TRUE,1
r5,Q2OTHER,18,KEBU,UG,,,TRUE,1
r5,Q2OTHER,18,KEBU.,UG,,,TRUE,1
r5,Q2OTHER,18,KINYAMULENGE,UG,,,TRUE,0
r5,Q2OTHER,18,KUMAM,UG,,,TRUE,2
r5,Q2OTHER,18,LENDU,UG,,,TRUE,0
r5,Q2OTHER,18,LUBUKUSU,UG,,,TRUE,0
r5,Q2OTHER,18,LUFUBILA,UG,,,TRUE,0
r5,Q2OTHER,18,LUFUMBIRA,UG,,,TRUE,0
r5,Q2OTHER,18,LUGISU,UG,,,TRUE,1
r5,Q2OTHER,18,LUGWERE,UG,,,TRUE,2
r5,Q2OTHER,18,LUKENE,UG,,,TRUE,2
r5,Q2OTHER,18,LUKUKU,UG,,,TRUE,0
r5,Q2OTHER,18,LULAMOGI,UG,,,TRUE,2
r5,Q2OTHER,18,LULULI,UG,,,TRUE,2
r5,Q2OTHER,18,LUNYARWANDA,UG,,,TRUE,0
r5,Q2OTHER,18,LURULI,UG,,,TRUE,2
r5,Q2OTHER,18,LURUNDI,UG,,,TRUE,0
r5,Q2OTHER,18,LUSUDAN,UG,abb,Arabic (Abbéché Chad),FALSE,0
r5,Q2OTHER,18,LUSUDANI,UG,abb,Arabic (Abbéché Chad),FALSE,0
r5,Q2OTHER,18,LWAMBA,UG,,,TRUE,2
r5,Q2OTHER,18,MUBWISI,UG,,,TRUE,0
r5,Q2OTHER,18,MUFUMBIRA,UG,,,TRUE,0
r5,Q2OTHER,18,MUGISHU,UG,,,TRUE,1
r5,Q2OTHER,18,MUGUNGU,UG,,,TRUE,2
r5,Q2OTHER,18,MULULI,UG,,,TRUE,2
r5,Q2OTHER,18,MULUNDI,UG,,,TRUE,0
r5,Q2OTHER,18,MUNYARWANDA,UG,,,TRUE,0
r5,Q2OTHER,18,MURULI,UG,,,TRUE,2
r5,Q2OTHER,18,MUSUNGORA,UG,,,TRUE,2
r5,Q2OTHER,18,MUTAGWENDA,UG,,,TRUE,0
r5,Q2OTHER,18,MUTGWENDA,UG,,,TRUE,0
r5,Q2OTHER,18,MWAMBA,UG,,,TRUE,2
r5,Q2OTHER,18,OKEBU,UG,,,TRUE,1
r5,Q2OTHER,18,OMBACH,UG,,,,
r5,Q2OTHER,18,RUFUMBIRA,UG,,,TRUE,0
r5,Q2OTHER,18,RUGISU,UG,,,TRUE,0
r5,Q2OTHER,18,RULULI,UG,,,TRUE,2
r5,Q2OTHER,18,RUNYARWANDA,UG,,,TRUE,0
r5,Q2OTHER,18,RUTAGWENDA,UG,,,TRUE,0
r5,Q2OTHER,18,SWAHILI,UG,,,TRUE,0
r5,Q2OTHER,18,TANZANIAN,UG,,,TRUE,0
r5,Q2OTHER,19,GOBA,ZM,,,TRUE,0
r5,Q2OTHER,19,LUBA,ZM,,,,
r5,Q2OTHER,19,LUCHAZI,ZM,,,TRUE,0
r5,Q2OTHER,19,MULAMBYA,ZM,,,,
r5,Q2OTHER,19,MUMBA,ZM,,,,
r5,Q2OTHER,19,NDEBELE,ZM,,,,
r5,Q2OTHER,19,SHILA,ZM,,,TRUE,0
r5,Q2OTHER,19,SHONA,ZM,,,TRUE,0
r5,Q2OTHER,19,SILUCHAZI,ZM,,,,
r5,Q2OTHER,19,SWAKA,ZM,,,TRUE,2
r5,Q2OTHER,19,YAWA,ZM,,,,
r5,Q2OTHER,20,BOCHA,ZW,,,TRUE,2
r5,Q2OTHER,20,BUJA,ZW,,,,
r5,Q2OTHER,20,CHEWA,ZW,,,,
r5,Q2OTHER,20,CHIKUNDA,ZW,,,TRUE,2
r5,Q2OTHER,20,CHITAWALA,ZW,,,,
r5,Q2OTHER,20,DOMBE,ZW,,,TRUE,1
r5,Q2OTHER,20,GARWE,ZW,,,TRUE,2
r5,Q2OTHER,20,HINDI,ZW,,,,
r5,Q2OTHER,20,HWESA,ZW,,,TRUE,0
r5,Q2OTHER,20,JINDWI,ZW,,,TRUE,2
r5,Q2OTHER,20,MAUNGWE,ZW,,,,
r5,Q2OTHER,20,MLEMBA,ZW,,,,
r5,Q2OTHER,20,MUHERA,ZW,,,,
r5,Q2OTHER,20,NAMBIYA,ZW,,,,
r5,Q2OTHER,20,NYANJA,ZW,,,TRUE,0
r5,Q2OTHER,20,NYASALAND,ZW,,,,
r5,Q2OTHER,20,SHANGANI,ZW,,,TRUE,0
r5,Q2OTHER,20,SHANGWE,ZW,,,TRUE,0
r5,Q2OTHER,20,SOTHO,ZW,,,,
r5,Q2OTHER,20,TUMBUKA,ZW,,,,
r5,Q2OTHER,20,VHITORI,ZW,,,,
r5,Q2OTHER,20,XHOSA,ZW,,,TRUE,0
r5,Q2OTHER,24,ADELE,TG,,,TRUE,2
r5,Q2OTHER,24,ADJA,TG,,,TRUE,0
r5,Q2OTHER,24,AKEBOU,TG,,,TRUE,2
r5,Q2OTHER,24,AKLOBO,TG,,,,
r5,Q2OTHER,24,ANAGO,TG,,,,
r5,Q2OTHER,24,ASHANTI,TG,,,,
r5,Q2OTHER,24,BAGO,TG,,,TRUE,1
r5,Q2OTHER,24,BASSAR,TG,,,TRUE,0
r5,Q2OTHER,24,FON,TG,,,TRUE,0
r5,Q2OTHER,24,GOURMA,TG,,,TRUE,0
r5,Q2OTHER,24,HAOUSSA,TG,,,TRUE,0
r5,Q2OTHER,24,KAMBOLI,TG,,,,
r5,Q2OTHER,24,KOMKOMBA,TG,,,,
r5,Q2OTHER,24,KONKOMBA,TG,,,TRUE,0
r5,Q2OTHER,24,KOULOUMI,TG,,,,
r5,Q2OTHER,24,KOUSSOUNTOU,TG,,,TRUE,1
r5,Q2OTHER,24,KPESSI,TG,,,TRUE,1
r5,Q2OTHER,24,MOSSI,TG,,,TRUE,0
r5,Q2OTHER,24,NGAM-GAM,TG,,,TRUE,1
r5,Q2OTHER,24,PEUL,TG,,,TRUE,1
r5,Q2OTHER,24,SIRKA,TG,,,,
r5,Q2OTHER,24,SOLA,TG,,,TRUE,1
r5,Q2OTHER,24,TCHAMBA,TG,,,TRUE,1
r5,Q2OTHER,24,TCHOKOSSI,TG,,,TRUE,0
r5,Q2OTHER,24,TEMBERMA,TG,,,,
r5,Q2OTHER,24,WATCHI,TG,,,,
r5,Q2OTHER,24,YOROUBA,TG,,,TRUE,0
r5,Q2OTHER,26,ABO,CM,,,TRUE,0
r5,Q2OTHER,26,AGHEM,CM,,,TRUE,0
r5,Q2OTHER,26,AMBO-BATIBO,CM,,,,
r5,Q2OTHER,26,ARABE CHOA,CM,abb,Arabic (Abbéché Chad),FALSE,0
r5,Q2OTHER,26,BABANJOU,CM,,,,
r5,Q2OTHER,26,BABIS,CM,,,,
r5,Q2OTHER,26,BABOUTE,CM,,,TRUE,3
r5,Q2OTHER,26,BABUNGO,CM,,,TRUE,0
r5,Q2OTHER,26,BACHIOTIA,CM,,,,
r5,Q2OTHER,26,BADENKOP,CM,,,,
r5,Q2OTHER,26,BADJOUE,CM,,,TRUE,2
r5,Q2OTHER,26,BAFANJI,CM,,,TRUE,1
r5,Q2OTHER,26,BAFMEN,CM,,,TRUE,1
r5,Q2OTHER,26,BAFO,CM,,,TRUE,2
r5,Q2OTHER,26,BAFOUNDA,CM,,,,
r5,Q2OTHER,26,BAFOUSSAM,CM,,,,
r5,Q2OTHER,26,BAHAM,CM,,,TRUE,1
r5,Q2OTHER,26,BAKASSI,CM,,,,
r5,Q2OTHER,26,BAKOKO,CM,,,TRUE,1
r5,Q2OTHER,26,BAKOSSI,CM,,,TRUE,2
r5,Q2OTHER,26,BAKWERI,CM,,,TRUE,0
r5,Q2OTHER,26,BALATI,CM,,,,
r5,Q2OTHER,26,BALI,CM,,,TRUE,0
r5,Q2OTHER,26,BALIKUMBAT,CM,,,TRUE,1
r5,Q2OTHER,26,BALINYONGYA,CM,,,TRUE,0
r5,Q2OTHER,26,BALONG,CM,,,TRUE,2
r5,Q2OTHER,26,BAMBILI,CM,,,TRUE,0
r5,Q2OTHER,26,BAMEDJOU,CM,,,,
r5,Q2OTHER,26,BAMEKA,CM,,,TRUE,1
r5,Q2OTHER,26,BAMENDA,CM,,,TRUE,1
r5,Q2OTHER,26,BAMENDJOU,CM,,,,
r5,Q2OTHER,26,BAMESSING,CM,,,TRUE,1
r5,Q2OTHER,26,BAMUMBU,CM,,,TRUE,0
r5,Q2OTHER,26,BANEN,CM,,,TRUE,0
r5,Q2OTHER,26,BANGOU,CM,,,,
r5,Q2OTHER,26,BANOSSI,CM,,,,
r5,Q2OTHER,26,BAPA,CM,,,TRUE,1
r5,Q2OTHER,26,BAPOUKOU,CM,,,,
r5,Q2OTHER,26,BATCHAM,CM,,,TRUE,1
r5,Q2OTHER,26,BATIBO,CM,,,TRUE,1
r5,Q2OTHER,26,BATIE,CM,,,TRUE,1
r5,Q2OTHER,26,BATOMOW,CM,,,,
r5,Q2OTHER,26,BAYA,CM,,,TRUE,0
r5,Q2OTHER,26,BENGWI,CM,,,,
r5,Q2OTHER,26,BIKOM,CM,,,TRUE,0
r5,Q2OTHER,26,BOBIS,CM,,,,
r5,Q2OTHER,26,BONGKEN,CM,,,TRUE,2
r5,Q2OTHER,26,BOUDA,CM,,,,
r5,Q2OTHER,26,BUM,CM,,,TRUE,0
r5,Q2OTHER,26,DABA,CM,,,TRUE,1
r5,Q2OTHER,26,DII,CM,,,TRUE,0
r5,Q2OTHER,26,DJANCH,CM,,,,
r5,Q2OTHER,26,DJEM,CM,,,TRUE,2
r5,Q2OTHER,26,DSCHANG,CM,,,TRUE,0
r5,Q2OTHER,26,DU,CM,,,,
r5,Q2OTHER,26,EJAGAM,CM,,,TRUE,0
r5,Q2OTHER,26,ESIMBI,CM,,,TRUE,1
r5,Q2OTHER,26,ESU,CM,,,,
r5,Q2OTHER,26,FOULBE,CM,,,,
r5,Q2OTHER,26,GHOMALA,CM,,,,
r5,Q2OTHER,26,GIZZIGARE,CM,,,,
r5,Q2OTHER,26,GOUIFE,CM,,,,
r5,Q2OTHER,26,HINA,CM,,,TRUE,0
r5,Q2OTHER,26,JUKUM,CM,,,,
r5,Q2OTHER,26,KAMBU,CM,,,,
r5,Q2OTHER,26,KANGYANG,CM,,,,
r5,Q2OTHER,26,KANOURI,CM,,,TRUE,0
r5,Q2OTHER,26,KEYKA,CM,,,,
r5,Q2OTHER,26,KLUM,CM,,,,
r5,Q2OTHER,26,KOM,CM,,,TRUE,1
r5,Q2OTHER,26,KOSHIN,CM,,,TRUE,2
r5,Q2OTHER,26,LAKA,CM,,,,
r5,Q2OTHER,26,LEBIALEM,CM,,,,
r5,Q2OTHER,26,LELE,CM,,,,
r5,Q2OTHER,26,LEMANDE,CM,,,TRUE,2
r5,Q2OTHER,26,LIMBUM,CM,,,TRUE,1
r5,Q2OTHER,26,LIMBUN,CM,,,,
r5,Q2OTHER,26,LUTU,CM,,,,
r5,Q2OTHER,26,MADA,CM,,,TRUE,0
r5,Q2OTHER,26,MALIMBA,CM,,,TRUE,2
r5,Q2OTHER,26,MAMBILA,CM,,,,
r5,Q2OTHER,26,MANDARA,CM,,,TRUE,0
r5,Q2OTHER,26,MANDOUA,CM,,,,
r5,Q2OTHER,26,MANGUISSA,CM,,,,
r5,Q2OTHER,26,MBEM,CM,,,TRUE,0
r5,Q2OTHER,26,MBO,CM,,,TRUE,2
r5,Q2OTHER,26,MBU,CM,,,TRUE,1
r5,Q2OTHER,26,MEDOUMBA,CM,,,,
r5,Q2OTHER,26,MEFEWELE,CM,,,,
r5,Q2OTHER,26,MEKAF,CM,,,TRUE,1
r5,Q2OTHER,26,MENDAKWE,CM,,,,
r5,Q2OTHER,26,MENKA,CM,,,TRUE,1
r5,Q2OTHER,26,MESAGIE,CM,,,,
r5,Q2OTHER,26,META,CM,,,,
r5,Q2OTHER,26,METU,CM,,,,
r5,Q2OTHER,26,MEZIME,CM,,,TRUE,2
r5,Q2OTHER,26,MOCKBIE,CM,,,,
r5,Q2OTHER,26,MOUSGOUM,CM,,,TRUE,0
r5,Q2OTHER,26,MOZEUILLE,CM,,,,
r5,Q2OTHER,26,MPONGO,CM,,,,
r5,Q2OTHER,26,MUNDANI,CM,,,TRUE,0
r5,Q2OTHER,26,NCHANG,CM,,,,
r5,Q2OTHER,26,NDI,CM,,,TRUE,3
r5,Q2OTHER,26,NGEMBA,CM,,,TRUE,0
r5,Q2OTHER,26,NGI,CM,,,TRUE,1
r5,Q2OTHER,26,NGOA,CM,,,,
r5,Q2OTHER,26,NGOBALE,CM,,,,
r5,Q2OTHER,26,NGWOH,CM,,,,
r5,Q2OTHER,26,NKAMBE,CM,,,,
r5,Q2OTHER,26,NLIMBOM,CM,,,,
r5,Q2OTHER,26,NTEM,CM,,,,
r5,Q2OTHER,26,NTENAKO,CM,,,,
r5,Q2OTHER,26,NWEH,CM,,,TRUE,1
r5,Q2OTHER,26,NYOKON,CM,,,TRUE,2
r5,Q2OTHER,26,NZIME,CM,,,TRUE,2
r5,Q2OTHER,26,OBANG,CM,,,TRUE,0
r5,Q2OTHER,26,OKU,CM,,,TRUE,0
r5,Q2OTHER,26,OROKO,CM,,,TRUE,0
r5,Q2OTHER,26,OSHE,CM,,,,
r5,Q2OTHER,26,PEULH,CM,,,TRUE,0
r5,Q2OTHER,26,SANAGA,CM,,,TRUE,0
r5,Q2OTHER,26,TCHANG,CM,,,TRUE,0
r5,Q2OTHER,26,WANDALA,CM,,,TRUE,0
r5,Q2OTHER,26,WEH,CM,,,TRUE,1
r5,Q2OTHER,26,WIDIKUM,CM,,,,
r5,Q2OTHER,26,WIMBUM,CM,,,TRUE,1
r5,Q2OTHER,26,WOMELA,CM,,,,
r5,Q2OTHER,26,ZOULGO,CM,,,TRUE,1
r5,Q2OTHER,27,ABIDJI,CI,,,TRUE,0
r5,Q2OTHER,27,ABOURE,CI,,,TRUE,2
r5,Q2OTHER,27,AHIZI,CI,,,TRUE,0
r5,Q2OTHER,27,APPOLO,CI,,,TRUE,2
r5,Q2OTHER,27,BAKWE,CI,,,TRUE,2
r5,Q2OTHER,27,DJIMINI,CI,,,TRUE,0
r5,Q2OTHER,27,EBRIE,CI,,,TRUE,2
r5,Q2OTHER,27,EHOTILE,CI,,,,
r5,Q2OTHER,27,GAGOU,CI,,,TRUE,1
r5,Q2OTHER,27,GNIABOUA,CI,,,,
r5,Q2OTHER,27,KORO,CI,,,TRUE,1
r5,Q2OTHER,27,KOUYA,CI,,,TRUE,2
r5,Q2OTHER,27,KOUZIE,CI,,,TRUE,2
r5,Q2OTHER,27,KOYAKA,CI,,,TRUE,1
r5,Q2OTHER,27,MAHOUKA,CI,,,TRUE,0
r5,Q2OTHER,27,MBATTO,CI,,,TRUE,2
r5,Q2OTHER,27,NEYO,CI,,,TRUE,1
r5,Q2OTHER,27,SAMORO,CI,,,,
r5,Q2OTHER,27,SOKOUYA,CI,,,,
r5,Q2OTHER,27,TAGBANA,CI,,,TRUE,1
r5,Q2OTHER,27,TENINKA,CI,,,,
r5,Q2OTHER,27,WOBE,CI,,,TRUE,0
r5,Q2OTHER,27,ZINNINGA,CI,,,,
r5,Q2OTHER,28,BASSANO FOULA,GN,,,TRUE,0
r5,Q2OTHER,28,BEKA,GN,,,,
r5,Q2OTHER,28,KAKABHE,GN,,,TRUE,1
r5,Q2OTHER,28,KOURANKO,GN,,,TRUE,0
r5,Q2OTHER,28,LANDOUMA,GN,,,TRUE,1
r5,Q2OTHER,28,MIGUIFORET,GN,,,TRUE,1
r5,Q2OTHER,28,NALLOU,GN,,,TRUE,2
r5,Q2OTHER,28,TOMA MANIA,GN,,,TRUE,1
r5,Q2OTHER,28,WOME,GN,,,,
r5,Q2OTHER,30,ISIZULU,SZ,,,TRUE,0
r5,Q2OTHER,30,SIZULU,SZ,,,TRUE,0
r5,Q2OTHER,30,TSONGA,SZ,,,TRUE,0
r5,Q2OTHER,30,ZULU,SZ,,,TRUE,0
r5,Q2OTHER,31,TAMAZIGHT,DZ,,,TRUE,0
r5,Q2OTHER,33,HASSANIYA,MA,,,TRUE,0
r5,Q2OTHER,33,TAMAZIGHT,MA,,,TRUE,1
r6,Q103OTHER,6,GHEMBA,CM,,,,
r6,Q103OTHER,6,KOTOKO,CM,,,,
r6,Q103OTHER,6,MADA,CM,,,TRUE,0
r6,Q103OTHER,6,MAFA,CM,,,TRUE,1
r6,Q103OTHER,6,MOUNDANG,CM,,,TRUE,0
r6,Q103OTHER,11,Ada,GH,,,TRUE,1
r6,Q103OTHER,11,Anyinam,GH,,,TRUE,0
r6,Q103OTHER,11,Bimoba,GH,,,TRUE,0
r6,Q103OTHER,11,Buzanga,GH,,,,
r6,Q103OTHER,11,Dagaari,GH,,,TRUE,0
r6,Q103OTHER,11,Dagaarti,GH,,,TRUE,0
r6,Q103OTHER,11,Frafra,GH,,,TRUE,0
r6,Q103OTHER,11,french,GH,,,TRUE,0
r6,Q103OTHER,11,Gonja,GH,,,TRUE,1
r6,Q103OTHER,11,Gruni,GH,,,TRUE,0
r6,Q103OTHER,11,Grushi,GH,,,TRUE,0
r6,Q103OTHER,11,Kaakye,GH,,,TRUE,1
r6,Q103OTHER,11,Kokomba,GH,,,TRUE,0
r6,Q103OTHER,11,Kotokoli,GH,,,TRUE,0
r6,Q103OTHER,11,Krobo,GH,,,TRUE,1
r6,Q103OTHER,11,Kusaasi,GH,,,TRUE,1
r6,Q103OTHER,11,Kusal,GH,,,TRUE,1
r6,Q103OTHER,11,Mamprusi,GH,,,TRUE,0
r6,Q103OTHER,11,Mo,GH,,,TRUE,1
r6,Q103OTHER,11,Mossi,GH,,,TRUE,0
r6,Q103OTHER,11,Nankan,GH,,,TRUE,0
r6,Q103OTHER,11,Sissala,GH,,,TRUE,1
r6,Q103OTHER,11,Waala,GH,,,TRUE,1
r6,Q103OTHER,11,Wangara,GH,,,,
r6,Q103OTHER,11,Wulisa,GH,,,,
r6,Q103OTHER,12,FRANCAIS,GN,,,TRUE,0
r6,Q103OTHER,12,FRANCAISE,GN,,,TRUE,0
r6,Q103OTHER,12,GUERZE,GN,,,TRUE,1
r6,Q103OTHER,12,MANO,GN,,,TRUE,0
r6,Q103OTHER,12,SOUSSOU,GN,,,TRUE,0
r6,Q103OTHER,12,TOMA,GN,,,TRUE,1
r6,Q103OTHER,17,Chilambya,MW,,,TRUE,2
r6,Q103OTHER,17,Chinkhonde,MW,,,TRUE,2
r6,Q103OTHER,17,Chitonga,MW,,,TRUE,2
r6,Q103OTHER,17,Chiyao,MW,,,TRUE,0
r6,Q103OTHER,20,Tamazight,MA,,,TRUE,1
r6,Q103OTHER,21,bitonga,MZ,,,TRUE,2
r6,Q103OTHER,21,Bitonga,MZ,,,TRUE,2
r6,Q103OTHER,21,BITONGA,MZ,,,TRUE,2
r6,Q103OTHER,21,chape,MZ,,,TRUE,2
r6,Q103OTHER,21,CHITEYE,MZ,,,TRUE,2
r6,Q103OTHER,21,CHONA,MZ,,,,
r6,Q103OTHER,21,chongo,MZ,,,,
r6,Q103OTHER,21,chope,MZ,,,TRUE,2
r6,Q103OTHER,21,Chope,MZ,,,TRUE,2
r6,Q103OTHER,21,CHOPE,MZ,,,TRUE,2
r6,Q103OTHER,21,chuabo,MZ,,,TRUE,2
r6,Q103OTHER,21,Chuabo,MZ,,,TRUE,2
r6,Q103OTHER,21,CHUABO,MZ,,,TRUE,2
r6,Q103OTHER,21,Ligote,MZ,,,,
r6,Q103OTHER,21,LOGOTE,MZ,,,,
r6,Q103OTHER,21,Manhungue,MZ,,,TRUE,2
r6,Q103OTHER,21,MARONGA,MZ,,,TRUE,0
r6,Q103OTHER,21,nhungue,MZ,,,TRUE,2
r6,Q103OTHER,21,OUTRA LINGUA,MZ,,,,
r6,Q103OTHER,21,outras linguas,MZ,,,,
r6,Q103OTHER,21,poetugues e xitsua,MZ,,,,
r6,Q103OTHER,21,PORTUGUES E OUTRAS LINGUAS,MZ,,,TRUE,0
r6,Q103OTHER,21,PORTUGUES E SENA,MZ,,,,
r6,Q103OTHER,21,SENA,MZ,,,TRUE,0
r6,Q103OTHER,21,SENA E PORTUGUES,MZ,,,,
r6,Q103OTHER,21,tewe,MZ,,,TRUE,2
r6,Q103OTHER,21,xitsua,MZ,,,TRUE,2
r6,Q103OTHER,21,Xitsua,MZ,,,TRUE,2
r6,Q103OTHER,21,XITSUA,MZ,,,TRUE,2
r6,Q103OTHER,21,xitswa,MZ,,,TRUE,2
r6,Q103OTHER,21,XITSWA,MZ,,,TRUE,2
r6,Q103OTHER,25,ANGOLAN,ST,ago,Angolar,FALSE,0
r6,Q103OTHER,25,ANGULARES,ST,ago,Angolar,FALSE,0
r6,Q103OTHER,25,CABOVERDIANO,ST,gbc,Guinea Bissau Crioulo,FALSE,0
r6,Q103OTHER,25,FORO,ST,pri,Príncipense,FALSE,0
r6,Q103OTHER,25,FORRO,ST,pri,Príncipense,FALSE,0
r6,Q103OTHER,26,FRANCAIS,SN,,,TRUE,0
r6,Q103OTHER,26,MAURE,SN,,,,
r6,Q103OTHER,26,SERERE,SN,,,TRUE,2
r6,Q103OTHER,27,FULLAH,SL,,,,
r6,Q103OTHER,27,KISSI,SL,,,TRUE,0
r6,Q103OTHER,28,KHOISAN,ZA,,,TRUE,0
r6,Q103OTHER,28,Ndebela,ZA,,,TRUE,0
r6,Q103OTHER,28,PEDI,ZA,,,TRUE,0
r6,Q103OTHER,28,Setsonga,ZA,,,TRUE,0
r6,Q103OTHER,28,Siswati,ZA,,,TRUE,0
r6,Q103OTHER,28,SISWATI,ZA,,,TRUE,0
r6,Q103OTHER,28,SISWAZI,ZA,,,TRUE,0
r6,Q103OTHER,28,swazi,ZA,,,TRUE,0
r6,Q103OTHER,28,Swazi,ZA,,,TRUE,0
r6,Q103OTHER,28,SWAZI,ZA,,,TRUE,0
r6,Q103OTHER,28,Tsonga,ZA,,,TRUE,0
r6,Q103OTHER,28,TSONGA,ZA,,,TRUE,0
r6,Q103OTHER,28,Xitsonga,ZA,,,TRUE,0
r6,Q103OTHER,28,XTSONGA,ZA,,,TRUE,0
r6,Q103OTHER,30,Zulu,SZ,,,TRUE,0
r6,Q103OTHER,32,EWE,TG,,,TRUE,0
r6,Q103OTHER,32,FRANCAIS,TG,,,TRUE,0
r6,Q103OTHER,32,KABYE,TG,,,TRUE,0
r6,Q103OTHER,33,French,TN,,,TRUE,0
r6,Q103OTHER,34,KAKWA,UG,,,TRUE,1
r6,Q103OTHER,34,KAPSABINYI,UG,,,TRUE,0
r6,Q103OTHER,34,KUPSABINYI,UG,,,TRUE,0
r6,Q103OTHER,34,LUGWERE,UG,,,TRUE,2
r6,Q103OTHER,34,LUNYOLE,UG,,,TRUE,2
r6,Q103OTHER,34,LUSAMIA,UG,,,TRUE,0
r6,Q103OTHER,34,NGAKARIMAJONG,UG,,,TRUE,0
r6,Q103OTHER,34,RUFUMBIRA,UG,,,TRUE,0
r6,Q103OTHER,34,RUNYARWANDA,UG,,,TRUE,0
r6,Q103OTHER,35,bisa,ZM,,,TRUE,2
r6,Q103OTHER,35,nsenga,ZM,,,TRUE,0
r6,Q103OTHER,35,tumbka,ZM,,,,
r6,Q116OTHER,6,BAFOUSSAM,CM,,,,
r6,Q116OTHER,6,BAMILEKE,CM,,,,
r6,Q116OTHER,6,BASSA,CM,,,TRUE,0
r6,Q116OTHER,6,BENE,CM,,,TRUE,0
r6,Q116OTHER,6,ETON,CM,,,TRUE,2
r6,Q116OTHER,6,MBO,CM,,,TRUE,2
r6,Q116OTHER,6,MOUNDANG,CM,,,TRUE,0
r6,Q116OTHER,6,NKWEN,CM,,,TRUE,1
r6,Q116OTHER,6,NTOUMOU,CM,,,TRUE,2
r6,Q116OTHER,8,TOUR,CI,,,,
r6,Q116OTHER,11,Dagaare,GH,,,TRUE,0
r6,Q116OTHER,11,Gonja,GH,,,TRUE,1
r6,Q116OTHER,11,Kasem,GH,,,TRUE,0
r6,Q116OTHER,11,Kokomba,GH,,,TRUE,0
r6,Q116OTHER,11,Kotokoli,GH,,,TRUE,0
r6,Q116OTHER,11,Likpakpaln,GH,,,TRUE,0
r6,Q116OTHER,11,Moshie,GH,,,TRUE,0
r6,Q116OTHER,11,Sisaala,GH,,,TRUE,1
r6,Q116OTHER,11,Waala,GH,,,TRUE,1
r6,Q116OTHER,12,BAGA,GN,,,TRUE,1
r6,Q116OTHER,21,MYUNGUE,MZ,,,TRUE,2
r6,Q116OTHER,21,Ngungue,MZ,,,TRUE,2
r6,Q116OTHER,21,NGUNGUE,MZ,,,TRUE,2
r6,Q116OTHER,21,NHUMGUE,MZ,,,TRUE,2
r6,Q116OTHER,21,nhungue,MZ,,,TRUE,2
r6,Q116OTHER,21,nHUNGUE,MZ,,,TRUE,2
r6,Q116OTHER,21,Nhungue,MZ,,,TRUE,2
r6,Q116OTHER,21,NHUNGuE,MZ,,,TRUE,2
r6,Q116OTHER,21,NHUNGUE,MZ,,,TRUE,2
r6,Q116OTHER,21,nhunguem,MZ,,,TRUE,2
r6,Q116OTHER,21,NHUNGWE,MZ,,,TRUE,2
r6,Q116OTHER,21,njumgue,MZ,,,TRUE,2
r6,Q116OTHER,21,njungue,MZ,,,TRUE,2
r6,Q116OTHER,21,njungur,MZ,,,TRUE,2
r6,Q116OTHER,21,nyhungue,MZ,,,TRUE,2
r6,Q116OTHER,21,NYUGUE,MZ,,,TRUE,2
r6,Q116OTHER,21,Nyunge,MZ,,,TRUE,2
r6,Q116OTHER,21,nyungue,MZ,,,TRUE,2
r6,Q116OTHER,21,Nyungue,MZ,,,TRUE,2
r6,Q116OTHER,21,NYUNGUE,MZ,,,TRUE,2
r6,Q116OTHER,21,NYUNGWE,MZ,,,TRUE,2
r6,Q116OTHER,21,nyyngue,MZ,,,TRUE,2
r6,Q116OTHER,24,BAJJU,NG,gwo,Gworok,FALSE,0
r6,Q116OTHER,24,BANDAWA,NG,,,TRUE,2
r6,Q116OTHER,24,BIROM,NG,,,TRUE,0
r6,Q116OTHER,24,BUJJA,NG,,,,
r6,Q116OTHER,24,BUJU,NG,,,,
r6,Q116OTHER,24,CHAMAWA,NG,,,,
r6,Q116OTHER,24,EGGON,NG,,,TRUE,2
r6,Q116OTHER,24,ETSAKO,NG,,,TRUE,0
r6,Q116OTHER,24,GBAGYI,NG,,,TRUE,0
r6,Q116OTHER,24,GWANDARA,NG,,,TRUE,1
r6,Q116OTHER,24,IGEDE,NG,,,TRUE,0
r6,Q116OTHER,24,KABBA,NG,,,TRUE,2
r6,Q116OTHER,24,KABBA/BUNU,NG,,,TRUE,2
r6,Q116OTHER,24,KALABARI,NG,,,TRUE,4
r6,Q116OTHER,24,LEMORO,NG,,,TRUE,3
r6,Q116OTHER,24,MAGHAI,NG,,,TRUE,1
r6,Q116OTHER,24,MUMUYE,NG,,,TRUE,0
r6,Q116OTHER,24,MWAGHAVUL,NG,,,TRUE,0
r6,Q116OTHER,24,NDOLA,NG,,,TRUE,2
r6,Q116OTHER,24,NGAS,NG,,,TRUE,0
r6,Q116OTHER,24,TUKUN,NG,,,TRUE,2
r6,Q116OTHER,24,UMONE,NG,,,TRUE,1
r6,Q116OTHER,24,ZURU,NG,,,TRUE,1
r6,Q116OTHER,26,MAURE,SN,,,,
r6,Q116OTHER,28,PORTUGUESE,ZA,,,TRUE,0
r6,Q116OTHER,31,KIHA,TZ,,,TRUE,2
r6,Q116OTHER,31,KIJALUO,TZ,,,,
r6,Q116OTHER,31,KIKINGA,TZ,,,TRUE,0
r6,Q116OTHER,31,KINDAMBA,TZ,,,TRUE,2
r6,Q116OTHER,31,KIRURI,TZ,,,TRUE,2
r6,Q116OTHER,31,KIZANAKI,TZ,,,TRUE,2
r6,Q2OTHER,2,BIALI,BJ,,,TRUE,1
r6,Q2OTHER,2,HAOUSSA,BJ,,,TRUE,0
r6,Q2OTHER,2,SOLA,BJ,,,TRUE,1
r6,Q2OTHER,3,MOROTSI,BW,,,,
r6,Q2OTHER,3,NDEBELE,BW,,,TRUE,2
r6,Q2OTHER,3,SEKHURUTSI,BW,,,TRUE,0
r6,Q2OTHER,3,SENANJWA,BW,,,,
r6,Q2OTHER,3,SEPEDI,BW,,,TRUE,0
r6,Q2OTHER,3,Seshona,BW,,,TRUE,0
r6,Q2OTHER,3,SETEBELE,BW,,,TRUE,2
r6,Q2OTHER,3,SETSWAPONG,BW,,,TRUE,1
r6,Q2OTHER,3,SEXHEREKO,BW,,,TRUE,0
r6,Q2OTHER,3,SEXHOSA,BW,,,TRUE,0
r6,Q2OTHER,3,SEZURU,BW,,,TRUE,0
r6,Q2OTHER,3,SHONA,BW,,,TRUE,0
r6,Q2OTHER,3,SHONA/SEZURU,BW,,,TRUE,0
r6,Q2OTHER,3,TJIMBANDERU,BW,,,,
r6,Q2OTHER,3,ZEZURU,BW,,,TRUE,0
r6,Q2OTHER,4,BELLA,BF,,,,
r6,Q2OTHER,4,DAFING,BF,,,TRUE,2
r6,Q2OTHER,4,DJERMA,BF,,,TRUE,0
r6,Q2OTHER,4,DOCCES,BF,,,,
r6,Q2OTHER,4,DOGON,BF,dds,Donno So,FALSE,0
r6,Q2OTHER,4,DOGON,BF,dts,Toro So,FALSE,0
r6,Q2OTHER,4,DOGONS,BF,dds,Donno So,FALSE,0
r6,Q2OTHER,4,DOGONS,BF,dts,Toro So,FALSE,0
r6,Q2OTHER,4,DOGOSE,BF,,,TRUE,2
r6,Q2OTHER,4,DONSIN,BF,,,,
r6,Q2OTHER,4,FORGERON (NOUMOU),BF,,,TRUE,1
r6,Q2OTHER,4,KARABORO,BF,,,,
r6,Q2OTHER,4,KOMONO,BF,,,TRUE,2
r6,Q2OTHER,4,MANDARAI,BF,,,,
r6,Q2OTHER,4,TAMACHECK,BF,,,,
r6,Q2OTHER,4,TOUSSIAN,BF,,,,
r6,Q2OTHER,4,TURKA,BF,,,TRUE,1
r6,Q2OTHER,4,VIGUE,BF,,,TRUE,2
r6,Q2OTHER,6,AGHEM,CM,,,TRUE,0
r6,Q2OTHER,6,AKOSSE,CM,,,,
r6,Q2OTHER,6,AMBELE,CM,,,TRUE,2
r6,Q2OTHER,6,ARABE,CM,abb,Arabic (Abbéché Chad),FALSE,0
r6,Q2OTHER,6,ASHEM,CM,,,,
r6,Q2OTHER,6,ASUMB0,CM,,,TRUE,1
r6,Q2OTHER,6,babadjon,CM,,,,
r6,Q2OTHER,6,BABADJOU,CM,,,TRUE,1
r6,Q2OTHER,6,BADJOUE,CM,,,TRUE,2
r6,Q2OTHER,6,BAFANG,CM,,,TRUE,0
r6,Q2OTHER,6,BAFAW,CM,,,TRUE,2
r6,Q2OTHER,6,BAFOUSSAM,CM,,,,
r6,Q2OTHER,6,Baham,CM,,,TRUE,1
r6,Q2OTHER,6,BAHAM/BAFOUSSAM,CM,,,TRUE,1
r6,Q2OTHER,6,BAKOSI,CM,,,TRUE,2
r6,Q2OTHER,6,BAKWARI,CM,,,TRUE,0
r6,Q2OTHER,6,BAKWERE,CM,,,TRUE,0
r6,Q2OTHER,6,BALCWERI,CM,,,,
r6,Q2OTHER,6,BALENG,CM,,,,
r6,Q2OTHER,6,BALENGOU,CM,,,,
r6,Q2OTHER,6,BALI,CM,,,TRUE,0
r6,Q2OTHER,6,BALI NYONGA,CM,,,TRUE,0
r6,Q2OTHER,6,BALOUNDO,CM,,,,
r6,Q2OTHER,6,BAMBELE,CM,,,TRUE,0
r6,Q2OTHER,6,BAMENDJING,CM,,,TRUE,1
r6,Q2OTHER,6,BAMOUGOUM,CM,,,,
r6,Q2OTHER,6,BANEN,CM,,,TRUE,0
r6,Q2OTHER,6,BANVELE,CM,,,,
r6,Q2OTHER,6,BASSO,CM,,,TRUE,1
r6,Q2OTHER,6,BATA,CM,,,TRUE,1
r6,Q2OTHER,6,BATANGA,CM,,,TRUE,2
r6,Q2OTHER,6,BATCHAM,CM,,,TRUE,1
r6,Q2OTHER,6,BATIBO,CM,,,TRUE,1
r6,Q2OTHER,6,BATON,CM,,,,
r6,Q2OTHER,6,BAWAN,CM,,,,
r6,Q2OTHER,6,BEFANG,CM,,,TRUE,2
r6,Q2OTHER,6,BELIBONACHI,CM,,,,
r6,Q2OTHER,6,BENEGUN,CM,,,,
r6,Q2OTHER,6,BESA,CM,,,,
r6,Q2OTHER,6,BU,CM,,,TRUE,2
r6,Q2OTHER,6,BUDA,CM,,,,
r6,Q2OTHER,6,BULU,CM,,,TRUE,0
r6,Q2OTHER,6,CHOUA,CM,,,,
r6,Q2OTHER,6,DABA,CM,,,TRUE,1
r6,Q2OTHER,6,DBO,CM,,,,
r6,Q2OTHER,6,DOUROU,CM,,,TRUE,0
r6,Q2OTHER,6,DSCHANG,CM,,,TRUE,0
r6,Q2OTHER,6,EDJAGHAM,CM,,,,
r6,Q2OTHER,6,EJAGHAM,CM,,,TRUE,0
r6,Q2OTHER,6,EJAKA,CM,,,,
r6,Q2OTHER,6,EJAKAM,CM,,,,
r6,Q2OTHER,6,ELAM EGUO,CM,,,TRUE,1
r6,Q2OTHER,6,ELAM EQU0,CM,,,TRUE,1
r6,Q2OTHER,6,ELAM EQUO,CM,,,,
r6,Q2OTHER,6,ESIMBI,CM,,,TRUE,1
r6,Q2OTHER,6,ESSIMBI,CM,,,TRUE,1
r6,Q2OTHER,6,ETENGA,CM,,,,
r6,Q2OTHER,6,ETON,CM,,,TRUE,2
r6,Q2OTHER,6,EWODI,CM,,,TRUE,0
r6,Q2OTHER,6,FANG,CM,,,TRUE,2
r6,Q2OTHER,6,FULAMI,CM,,,TRUE,0
r6,Q2OTHER,6,FULANE,CM,,,TRUE,0
r6,Q2OTHER,6,GABSIKI,CM,,,,
r6,Q2OTHER,6,GHEMBA,CM,,,,
r6,Q2OTHER,6,IBO,CM,,,,
r6,Q2OTHER,6,ISU,CM,,,TRUE,2
r6,Q2OTHER,6,Kom,CM,,,TRUE,1
r6,Q2OTHER,6,KOM,CM,,,TRUE,1
r6,Q2OTHER,6,KOTOKO,CM,,,,
r6,Q2OTHER,6,LAKA,CM,,,,
r6,Q2OTHER,6,LAMBO,CM,,,,
r6,Q2OTHER,6,LIMBUM,CM,,,TRUE,1
r6,Q2OTHER,6,MABI,CM,,,TRUE,0
r6,Q2OTHER,6,MADA,CM,,,TRUE,0
r6,Q2OTHER,6,MANDARA,CM,,,TRUE,0
r6,Q2OTHER,6,MASSA,CM,,,TRUE,0
r6,Q2OTHER,6,MBA VELE,CM,,,TRUE,0
r6,Q2OTHER,6,MBAMOISE,CM,,,,
r6,Q2OTHER,6,MBANG,CM,,,TRUE,1
r6,Q2OTHER,6,MBE MBE,CM,,,,
r6,Q2OTHER,6,MBESAH,CM,,,,
r6,Q2OTHER,6,MBESSA,CM,,,,
r6,Q2OTHER,6,MBO,CM,,,TRUE,2
r6,Q2OTHER,6,MBO'O,CM,,,,
r6,Q2OTHER,6,MBORORO,CM,,,TRUE,0
r6,Q2OTHER,6,MEFI,CM,,,,
r6,Q2OTHER,6,META,CM,,,,
r6,Q2OTHER,6,METSA,CM,,,,
r6,Q2OTHER,6,MEZIMA,CM,,,,
r6,Q2OTHER,6,MISANJE,CM,,,,
r6,Q2OTHER,6,MOGHAGNO,CM,,,,
r6,Q2OTHER,6,MONGHAKA,CM,,,,
r6,Q2OTHER,6,MOUDANI,CM,,,,
r6,Q2OTHER,6,MOUDINI,CM,,,,
r6,Q2OTHER,6,MOUGOUM,CM,,,,
r6,Q2OTHER,6,MOUNDANG,CM,,,TRUE,0
r6,Q2OTHER,6,MOUSGOUM,CM,,,TRUE,0
r6,Q2OTHER,6,MOUSGOUN,CM,,,TRUE,0
r6,Q2OTHER,6,MUBAKO,CM,,,TRUE,1
r6,Q2OTHER,6,MUDELE,CM,,,,
r6,Q2OTHER,6,MUGAKA,CM,,,,
r6,Q2OTHER,6,MUSGUM,CM,,,TRUE,0
r6,Q2OTHER,6,NCHANI,CM,,,,
r6,Q2OTHER,6,NCHANIH,CM,,,,
r6,Q2OTHER,6,NGAMBAYE,CM,,,,
r6,Q2OTHER,6,NGEMBA,CM,,,TRUE,0
r6,Q2OTHER,6,NGOA,CM,,,,
r6,Q2OTHER,6,NGOU,CM,,,,
r6,Q2OTHER,6,NGUO,CM,,,,
r6,Q2OTHER,6,NGYEMBOON,CM,,,TRUE,1
r6,Q2OTHER,6,NNAGA EBOKO,CM,,,,
r6,Q2OTHER,6,NONI,CM,,,TRUE,0
r6,Q2OTHER,6,NSIE,CM,,,,
r6,Q2OTHER,6,NSO,CM,,,TRUE,0
r6,Q2OTHER,6,OBANG,CM,,,TRUE,0
r6,Q2OTHER,6,OKU,CM,,,TRUE,0
r6,Q2OTHER,6,OROKO,CM,,,TRUE,0
r6,Q2OTHER,6,OSHIE,CM,,,TRUE,1
r6,Q2OTHER,6,PINYIN,CM,,,TRUE,1
r6,Q2OTHER,6,SARA,CM,,,TRUE,0
r6,Q2OTHER,6,SAWA,CM,,,TRUE,0
r6,Q2OTHER,6,SO'O,CM,,,,
r6,Q2OTHER,6,SORO,CM,,,,
r6,Q2OTHER,6,WIBUM,CM,,,,
r6,Q2OTHER,6,WIMBUM,CM,,,TRUE,1
r6,Q2OTHER,6,YAMBASSA,CM,,,TRUE,2
r6,Q2OTHER,6,YAMBEN,CM,,,,
r6,Q2OTHER,6,YEBEKOL,CM,,,,
r6,Q2OTHER,8,ABIDJI,CI,,,TRUE,0
r6,Q2OTHER,8,ABOURE,CI,,,TRUE,2
r6,Q2OTHER,8,ALLADJAN,CI,,,,
r6,Q2OTHER,8,ANDOH,CI,,,,
r6,Q2OTHER,8,BACOUE,CI,,,,
r6,Q2OTHER,8,BAKOUE,CI,,,,
r6,Q2OTHER,8,DJIMINI,CI,,,TRUE,0
r6,Q2OTHER,8,EBRIE,CI,,,TRUE,2
r6,Q2OTHER,8,EGA,CI,,,TRUE,0
r6,Q2OTHER,8,GAGOU,CI,,,TRUE,1
r6,Q2OTHER,8,GAIN,CI,,,,
r6,Q2OTHER,8,GNANBOUA,CI,,,,
r6,Q2OTHER,8,GNIDEBOUA,CI,,,,
r6,Q2OTHER,8,KODIA,CI,,,TRUE,2
r6,Q2OTHER,8,KOMONON,CI,,,,
r6,Q2OTHER,8,KOUZIE,CI,,,TRUE,2
r6,Q2OTHER,8,KOYAKA,CI,,,TRUE,1
r6,Q2OTHER,8,KROBOU,CI,,,TRUE,2
r6,Q2OTHER,8,M'BATTO,CI,,,TRUE,2
r6,Q2OTHER,8,MAHOHKA,CI,,,TRUE,0
r6,Q2OTHER,8,MAHOUKA,CI,,,TRUE,0
r6,Q2OTHER,8,NATURALISE,CI,,,,
r6,Q2OTHER,8,ODIENNEKA,CI,,,TRUE,1
r6,Q2OTHER,8,PEULH,CI,,,TRUE,0
r6,Q2OTHER,8,SIAKA,CI,,,TRUE,1
r6,Q2OTHER,8,TAGBANAN,CI,,,,
r6,Q2OTHER,8,TOURA,CI,,,TRUE,1
r6,Q2OTHER,8,WAN,CI,,,TRUE,0
r6,Q2OTHER,8,WOBE,CI,,,TRUE,0
r6,Q2OTHER,8,WORODOUGOU,CI,,,TRUE,1
r6,Q2OTHER,8,YAOURE,CI,,,TRUE,1
r6,Q2OTHER,10,HAOUSSA,GA,,,TRUE,0
r6,Q2OTHER,11,Ada,GH,,,TRUE,1
r6,Q2OTHER,11,Adele,GH,,,TRUE,2
r6,Q2OTHER,11,Ahanta,GH,,,TRUE,2
r6,Q2OTHER,11,Akyode,GH,,,TRUE,1
r6,Q2OTHER,11,Atweti,GH,,,,
r6,Q2OTHER,11,Avatime,GH,,,TRUE,0
r6,Q2OTHER,11,Basari,GH,,,TRUE,0
r6,Q2OTHER,11,Batoe,GH,,,,
r6,Q2OTHER,11,Bimoba,GH,,,TRUE,0
r6,Q2OTHER,11,Bissa,GH,,,TRUE,0
r6,Q2OTHER,11,Bono,GH,,,TRUE,1
r6,Q2OTHER,11,Buem,GH,,,TRUE,0
r6,Q2OTHER,11,Buli,GH,,,TRUE,0
r6,Q2OTHER,11,Chamba,GH,,,TRUE,0
r6,Q2OTHER,11,Chukusi,GH,,,TRUE,0
r6,Q2OTHER,11,Dagaari,GH,,,TRUE,0
r6,Q2OTHER,11,Deg-(Moo),GH,,,,
r6,Q2OTHER,11,Dolimuu,GH,,,,
r6,Q2OTHER,11,Ewe and Fante,GH,,,,
r6,Q2OTHER,11,Frafra,GH,,,TRUE,0
r6,Q2OTHER,11,Gawu,GH,,,,
r6,Q2OTHER,11,Gekyode,GH,,,TRUE,1
r6,Q2OTHER,11,Gonja,GH,,,TRUE,1
r6,Q2OTHER,11,Gruma,GH,,,TRUE,0
r6,Q2OTHER,11,Grushie,GH,,,TRUE,0
r6,Q2OTHER,11,Guan,GH,,,TRUE,2
r6,Q2OTHER,11,Guruni,GH,,,TRUE,0
r6,Q2OTHER,11,Kaakye,GH,,,TRUE,1
r6,Q2OTHER,11,Kasari,GH,,,,
r6,Q2OTHER,11,Kasem,GH,,,TRUE,0
r6,Q2OTHER,11,Kokomba,GH,,,TRUE,0
r6,Q2OTHER,11,Kotokoli,GH,,,TRUE,0
r6,Q2OTHER,11,Kotokoli/Chamba,GH,,,TRUE,0
r6,Q2OTHER,11,Krakyi,GH,,,TRUE,1
r6,Q2OTHER,11,Krobo,GH,,,TRUE,1
r6,Q2OTHER,11,Kusal,GH,,,TRUE,1
r6,Q2OTHER,11,Kwahu,GH,,,,
r6,Q2OTHER,11,Likpakpaln,GH,,,TRUE,0
r6,Q2OTHER,11,Logba,GH,,,TRUE,2
r6,Q2OTHER,11,Mampruli,GH,,,TRUE,0
r6,Q2OTHER,11,Mo,GH,,,TRUE,1
r6,Q2OTHER,11,Moshie,GH,,,TRUE,0
r6,Q2OTHER,11,Nabdam,GH,,,TRUE,0
r6,Q2OTHER,11,Nahumuru,GH,,,TRUE,0
r6,Q2OTHER,11,Nankani,GH,,,TRUE,0
r6,Q2OTHER,11,Nawuri,GH,,,TRUE,1
r6,Q2OTHER,11,Nzema,GH,,,TRUE,2
r6,Q2OTHER,11,Okre,GH,,,,
r6,Q2OTHER,11,Sampa,GH,,,,
r6,Q2OTHER,11,Sefwi,GH,,,TRUE,1
r6,Q2OTHER,11,Sissali,GH,,,TRUE,1
r6,Q2OTHER,11,Someja,GH,,,,
r6,Q2OTHER,11,Talensi,GH,,,TRUE,0
r6,Q2OTHER,11,Tampulma,GH,,,TRUE,0
r6,Q2OTHER,11,Tapulsi,GH,,,TRUE,0
r6,Q2OTHER,11,Waala,GH,,,TRUE,1
r6,Q2OTHER,11,Wangara,GH,,,,
r6,Q2OTHER,12,BAGA,GN,,,TRUE,1
r6,Q2OTHER,12,DIAKANKE,GN,,,TRUE,1
r6,Q2OTHER,12,GUERZE,GN,,,TRUE,1
r6,Q2OTHER,12,GURERZE,GN,,,TRUE,1
r6,Q2OTHER,12,KISSI,GN,,,TRUE,1
r6,Q2OTHER,12,KONO,GN,,,TRUE,1
r6,Q2OTHER,12,KONON,GN,,,TRUE,1
r6,Q2OTHER,12,LANDOUMA,GN,,,TRUE,1
r6,Q2OTHER,12,MIKHIFORE,GN,,,TRUE,1
r6,Q2OTHER,12,MIKIFORE,GN,,,TRUE,1
r6,Q2OTHER,12,TCHEDDERE,GN,,,,
r6,Q2OTHER,12,TOMA,GN,,,TRUE,1
r6,Q2OTHER,12,TOUBA,GN,,,,
r6,Q2OTHER,13,Ajuran,KE,,,,
r6,Q2OTHER,13,Arab,KE,abb,Arabic (Abbéché Chad),FALSE,0
r6,Q2OTHER,13,Bajuni,KE,,,TRUE,0
r6,Q2OTHER,13,Borana,KE,,,TRUE,0
r6,Q2OTHER,13,Digo,KE,,,TRUE,2
r6,Q2OTHER,13,Duruma,KE,,,TRUE,2
r6,Q2OTHER,13,Garre,KE,,,TRUE,0
r6,Q2OTHER,13,Giriama,KE,,,TRUE,2
r6,Q2OTHER,13,Gujarati,KE,,,TRUE,0
r6,Q2OTHER,13,Kipsigis,KE,,,TRUE,0
r6,Q2OTHER,13,Kuria,KE,,,TRUE,2
r6,Q2OTHER,13,Maragoli,KE,,,TRUE,0
r6,Q2OTHER,13,Munyaya,KE,,,TRUE,1
r6,Q2OTHER,13,Nandi,KE,,,TRUE,0
r6,Q2OTHER,13,Nubi,KE,,,TRUE,0
r6,Q2OTHER,13,Nyarwanda,KE,,,TRUE,0
r6,Q2OTHER,13,Nyasa,KE,,,,
r6,Q2OTHER,13,Ogiek,KE,,,TRUE,0
r6,Q2OTHER,13,Rendille,KE,,,TRUE,0
r6,Q2OTHER,13,Sabaot,KE,,,TRUE,0
r6,Q2OTHER,13,Suba,KE,,,TRUE,2
r6,Q2OTHER,13,Teso,KE,,,TRUE,0
r6,Q2OTHER,16,betsimisaraka,MG,,,TRUE,1
r6,Q2OTHER,16,tanala,MG,,,TRUE,0
r6,Q2OTHER,17,Chimambwe,MW,,,,
r6,Q2OTHER,17,Chindali,MW,,,TRUE,2
r6,Q2OTHER,17,Chinyakyusa,MW,,,,
r6,Q2OTHER,17,Chinyanja,MW,,,TRUE,0
r6,Q2OTHER,17,Chinyika,MW,,,TRUE,1
r6,Q2OTHER,17,Chinyungwe,MW,,,,
r6,Q2OTHER,17,Chiswahili,MW,,,TRUE,0
r6,Q2OTHER,17,Chiwandya,MW,,,,
r6,Q2OTHER,18,DIAKA,ML,,,,
r6,Q2OTHER,18,MOSSI,ML,,,TRUE,0
r6,Q2OTHER,19,Bhojpuri,MU,,,TRUE,0
r6,Q2OTHER,21,chaewa,MZ,,,TRUE,0
r6,Q2OTHER,21,CHENA,MZ,,,TRUE,0
r6,Q2OTHER,21,CHEUA,MZ,,,TRUE,0
r6,Q2OTHER,21,chewa,MZ,,,TRUE,0
r6,Q2OTHER,21,Chewa,MZ,,,TRUE,0
r6,Q2OTHER,21,CHEWA,MZ,,,TRUE,0
r6,Q2OTHER,21,chewe,MZ,,,TRUE,0
r6,Q2OTHER,21,Chewe,MZ,,,TRUE,0
r6,Q2OTHER,21,CHEWE,MZ,,,TRUE,0
r6,Q2OTHER,21,Chitcheiwa,MZ,,,TRUE,0
r6,Q2OTHER,21,chitewe,MZ,,,TRUE,2
r6,Q2OTHER,21,CHITEWE,MZ,,,TRUE,2
r6,Q2OTHER,21,Chiteye,MZ,,,TRUE,2
r6,Q2OTHER,21,Chitsua,MZ,,,TRUE,2
r6,Q2OTHER,21,chitxua,MZ,,,TRUE,2
r6,Q2OTHER,21,CHITXUA,MZ,,,TRUE,2
r6,Q2OTHER,21,Chona,MZ,,,,
r6,Q2OTHER,21,CHONA,MZ,,,,
r6,Q2OTHER,21,Chutcua,MZ,,,,
r6,Q2OTHER,21,EKOTE,MZ,,,TRUE,0
r6,Q2OTHER,21,ligete,MZ,,,,
r6,Q2OTHER,21,LIGODE,MZ,,,,
r6,Q2OTHER,21,Ligote,MZ,,,,
r6,Q2OTHER,21,LIGOUTE,MZ,,,,
r6,Q2OTHER,21,LINGUA MAPEX,MZ,,,TRUE,0
r6,Q2OTHER,21,loriba,MZ,,,,
r6,Q2OTHER,21,luniga,MZ,,,,
r6,Q2OTHER,21,Mabawe,MZ,,,,
r6,Q2OTHER,21,MAHAWEA,MZ,,,,
r6,Q2OTHER,21,Maindo,MZ,,,TRUE,2
r6,Q2OTHER,21,MANHGUE,MZ,,,,
r6,Q2OTHER,21,Manhungue,MZ,,,TRUE,2
r6,Q2OTHER,21,MAONE,MZ,,,,
r6,Q2OTHER,21,MAPEX,MZ,,,,
r6,Q2OTHER,21,maronga,MZ,,,TRUE,0
r6,Q2OTHER,21,MARONGA,MZ,,,TRUE,0
r6,Q2OTHER,21,MASSEMA,MZ,,,TRUE,0
r6,Q2OTHER,21,MATCWE,MZ,,,,
r6,Q2OTHER,21,MATEU,MZ,,,,
r6,Q2OTHER,21,matewe,MZ,,,TRUE,2
r6,Q2OTHER,21,MATEWE,MZ,,,TRUE,2
r6,Q2OTHER,21,mateyu,MZ,,,,
r6,Q2OTHER,21,Matowe,MZ,,,TRUE,2
r6,Q2OTHER,21,matsua,MZ,,,TRUE,2
r6,Q2OTHER,21,MATSUA,MZ,,,TRUE,2
r6,Q2OTHER,21,MATSWA,MZ,,,TRUE,2
r6,Q2OTHER,21,MATXSUA,MZ,,,TRUE,2
r6,Q2OTHER,21,Medindo,MZ,,,TRUE,2
r6,Q2OTHER,21,MONGA,MZ,,,TRUE,0
r6,Q2OTHER,21,moniaco,MZ,,,,
r6,Q2OTHER,21,moniga,MZ,,,TRUE,2
r6,Q2OTHER,21,MONIGA,MZ,,,TRUE,2
r6,Q2OTHER,21,Mtsua,MZ,,,TRUE,2
r6,Q2OTHER,21,MUali,MZ,,,,
r6,Q2OTHER,21,MUALI,MZ,,,,
r6,Q2OTHER,21,MUANDI,MZ,,,TRUE,2
r6,Q2OTHER,21,muani,MZ,,,TRUE,2
r6,Q2OTHER,21,MUANI,MZ,,,TRUE,2
r6,Q2OTHER,21,MUANY,MZ,,,TRUE,2
r6,Q2OTHER,21,MUNGA,MZ,,,TRUE,2
r6,Q2OTHER,21,MUNI,MZ,,,,
r6,Q2OTHER,21,muninga,MZ,,,TRUE,2
r6,Q2OTHER,21,Naindo,MZ,,,TRUE,2
r6,Q2OTHER,21,NAMICA,MZ,,,,
r6,Q2OTHER,21,NAONIGA,MZ,,,,
r6,Q2OTHER,21,NGONY,MZ,,,,
r6,Q2OTHER,21,Ngungue,MZ,,,TRUE,2
r6,Q2OTHER,21,NHUGUE,MZ,,,TRUE,2
r6,Q2OTHER,21,NHUMGUE,MZ,,,TRUE,2
r6,Q2OTHER,21,nhungoe,MZ,,,TRUE,2
r6,Q2OTHER,21,nhungue,MZ,,,TRUE,2
r6,Q2OTHER,21,Nhungue,MZ,,,TRUE,2
r6,Q2OTHER,21,NHUNGUE,MZ,,,TRUE,2
r6,Q2OTHER,21,nhunguem,MZ,,,TRUE,2
r6,Q2OTHER,21,NHUNGWE,MZ,,,TRUE,2
r6,Q2OTHER,21,Nhunhue,MZ,,,TRUE,2
r6,Q2OTHER,21,NHUNQUE,MZ,,,TRUE,2
r6,Q2OTHER,21,nunga,MZ,,,,
r6,Q2OTHER,21,NUTO,MZ,,,,
r6,Q2OTHER,21,Nyanja,MZ,,,TRUE,0
r6,Q2OTHER,21,Nyongue,MZ,,,TRUE,2
r6,Q2OTHER,21,NYUENGE,MZ,,,TRUE,2
r6,Q2OTHER,21,NYUGUE,MZ,,,TRUE,2
r6,Q2OTHER,21,nyungue,MZ,,,TRUE,2
r6,Q2OTHER,21,Nyungue,MZ,,,TRUE,2
r6,Q2OTHER,21,NYUNGUE,MZ,,,TRUE,2
r6,Q2OTHER,21,Nyungunhe,MZ,,,TRUE,2
r6,Q2OTHER,21,ronga,MZ,,,TRUE,0
r6,Q2OTHER,21,rONGA,MZ,,,TRUE,0
r6,Q2OTHER,21,RONGA,MZ,,,TRUE,0
r6,Q2OTHER,21,shona,MZ,,,,
r6,Q2OTHER,21,SHONA,MZ,,,,
r6,Q2OTHER,21,Tchitchewa,MZ,,,TRUE,0
r6,Q2OTHER,21,Tchthewa,MZ,,,,
r6,Q2OTHER,21,tewe,MZ,,,TRUE,2
r6,Q2OTHER,21,Tewe,MZ,,,TRUE,2
r6,Q2OTHER,21,TEWE,MZ,,,TRUE,2
r6,Q2OTHER,21,xitsua,MZ,,,TRUE,2
r6,Q2OTHER,21,Xitsua,MZ,,,TRUE,2
r6,Q2OTHER,21,XITSUA,MZ,,,TRUE,2
r6,Q2OTHER,21,Xitswa,MZ,,,TRUE,2
r6,Q2OTHER,21,XITSWA,MZ,,,TRUE,2
r6,Q2OTHER,22,Mafwe,NA,,,,
r6,Q2OTHER,22,Mhalangwe,NA,,,,
r6,Q2OTHER,22,Nyemba,NA,,,,
r6,Q2OTHER,22,San,NA,,,TRUE,0
r6,Q2OTHER,22,Sifwe,NA,,,TRUE,2
r6,Q2OTHER,22,Totela,NA,,,,
r6,Q2OTHER,23,HAOUSSA,NE,,,TRUE,0
r6,Q2OTHER,23,MOSSICTHE,NE,,,,
r6,Q2OTHER,24,ADARA,NG,,,TRUE,2
r6,Q2OTHER,24,ALAGO,NG,,,TRUE,1
r6,Q2OTHER,24,ANGAS,NG,,,TRUE,0
r6,Q2OTHER,24,ANKWE,NG,,,TRUE,0
r6,Q2OTHER,24,AUKWE,NG,,,,
r6,Q2OTHER,24,BACHAMA,NG,,,TRUE,1
r6,Q2OTHER,24,BADUKKE,NG,,,,
r6,Q2OTHER,24,BAJJU,NG,gwo,Gworok,FALSE,0
r6,Q2OTHER,24,BAJU,NG,gwo,Gworok,FALSE,0
r6,Q2OTHER,24,BANBAWA,NG,,,TRUE,2
r6,Q2OTHER,24,BANDAWA,NG,,,TRUE,2
r6,Q2OTHER,24,BARUBA,NG,,,,
r6,Q2OTHER,24,BAWAJE,NG,,,,
r6,Q2OTHER,24,BAWARA,NG,,,,
r6,Q2OTHER,24,BOIYANA,NG,,,,
r6,Q2OTHER,24,BUSSA,NG,,,,
r6,Q2OTHER,24,DADOR,NG,,,,
r6,Q2OTHER,24,DAKARKARI,NG,,,TRUE,1
r6,Q2OTHER,24,DEGEMA,NG,,,TRUE,0
r6,Q2OTHER,24,EGGON,NG,,,TRUE,2
r6,Q2OTHER,24,EGI,NG,,,,
r6,Q2OTHER,24,ELEME,NG,,,TRUE,2
r6,Q2OTHER,24,FAKAMA,NG,,,,
r6,Q2OTHER,24,FAKAWA,NG,,,,
r6,Q2OTHER,24,FALI,NG,,,TRUE,1
r6,Q2OTHER,24,FALIYA,NG,,,,
r6,Q2OTHER,24,FEMAWA,NG,,,,
r6,Q2OTHER,24,GBAGI,NG,,,TRUE,0
r6,Q2OTHER,24,GOMU,NG,,,TRUE,3
r6,Q2OTHER,24,GWANDARA,NG,,,TRUE,1
r6,Q2OTHER,24,GWARI,NG,,,TRUE,0
r6,Q2OTHER,24,GWONG,NG,,,TRUE,0
r6,Q2OTHER,24,ICHEN,NG,,,TRUE,1
r6,Q2OTHER,24,IYALA,NG,,,TRUE,1
r6,Q2OTHER,24,JABA,NG,,,TRUE,2
r6,Q2OTHER,24,JARAWA,NG,jar,Jarawa (in Nigeria),FALSE,0
r6,Q2OTHER,24,JENJO,NG,,,TRUE,3
r6,Q2OTHER,24,JUKUM,NG,,,TRUE,2
r6,Q2OTHER,24,JUKUN,NG,,,TRUE,0
r6,Q2OTHER,24,JUKUN WANU,NG,,,TRUE,2
r6,Q2OTHER,24,KAGARA,NG,,,,
r6,Q2OTHER,24,KAGOMA,NG,,,TRUE,0
r6,Q2OTHER,24,KAGORO,NG,,,TRUE,0
r6,Q2OTHER,24,KAIKA,NG,,,,
r6,Q2OTHER,24,KAKA,NG,,,TRUE,0
r6,Q2OTHER,24,KAKABARI,NG,,,,
r6,Q2OTHER,24,KALABARI,NG,,,TRUE,4
r6,Q2OTHER,24,KATAF,NG,,,TRUE,0
r6,Q2OTHER,24,KATONGU,NG,,,,
r6,Q2OTHER,24,KILBA BABAR,NG,,,,
r6,Q2OTHER,24,KONA,NG,,,TRUE,2
r6,Q2OTHER,24,KUTEB,NG,,,TRUE,2
r6,Q2OTHER,24,LANTA,NG,,,,
r6,Q2OTHER,24,LARU,NG,,,TRUE,2
r6,Q2OTHER,24,LAWABE,NG,,,,
r6,Q2OTHER,24,LUMAMA,NG,,,,
r6,Q2OTHER,24,LUNGUDA,NG,,,TRUE,3
r6,Q2OTHER,24,MAMUNYE,NG,,,,
r6,Q2OTHER,24,MICHINKA,NG,,,,
r6,Q2OTHER,24,MINCHIKA,NG,,,,
r6,Q2OTHER,24,MUMUGAR,NG,,,,
r6,Q2OTHER,24,MUMUYE,NG,,,TRUE,0
r6,Q2OTHER,24,MUPUN,NG,,,TRUE,0
r6,Q2OTHER,24,MWANGAVUL,NG,,,TRUE,0
r6,Q2OTHER,24,NDALA,NG,,,TRUE,2
r6,Q2OTHER,24,NGAS,NG,,,TRUE,0
r6,Q2OTHER,24,NINZOM,NG,,,TRUE,1
r6,Q2OTHER,24,NUMANA,NG,,,TRUE,1
r6,Q2OTHER,24,NWANGAVUL,NG,,,TRUE,0
r6,Q2OTHER,24,NYANDANG,NG,,,TRUE,2
r6,Q2OTHER,24,OBODU,NG,,,,
r6,Q2OTHER,24,OGAE,NG,,,,
r6,Q2OTHER,24,OGBA,NG,,,TRUE,1
r6,Q2OTHER,24,OKIRIKA,NG,,,TRUE,4
r6,Q2OTHER,24,OKRIKA,NG,,,TRUE,4
r6,Q2OTHER,24,ORON,NG,,,TRUE,2
r6,Q2OTHER,24,OWAN,NG,,,,
r6,Q2OTHER,24,PANSO,NG,,,TRUE,0
r6,Q2OTHER,24,SAYAWA,NG,,,TRUE,3
r6,Q2OTHER,24,SIYAWA,NG,,,,
r6,Q2OTHER,24,TANGALE,NG,,,TRUE,0
r6,Q2OTHER,24,TANGALI,NG,,,TRUE,0
r6,Q2OTHER,24,TAROK,NG,,,TRUE,0
r6,Q2OTHER,24,TERA,NG,,,TRUE,0
r6,Q2OTHER,24,TULA,NG,,,TRUE,4
r6,Q2OTHER,24,WAJA,NG,,,TRUE,4
r6,Q2OTHER,24,WURKUM,NG,,,TRUE,1
r6,Q2OTHER,24,WURKUN,NG,,,TRUE,1
r6,Q2OTHER,24,YAKURI,NG,,,TRUE,2
r6,Q2OTHER,24,YALA,NG,,,TRUE,1
r6,Q2OTHER,24,ZURU,NG,,,TRUE,1
r6,Q2OTHER,26,BALANTE,SN,,,TRUE,0
r6,Q2OTHER,26,BEUDICK,SN,,,,
r6,Q2OTHER,26,CREOL,SN,gbc,Guinea Bissau Crioulo,FALSE,0
r6,Q2OTHER,26,DIAKHANKE,SN,,,TRUE,0
r6,Q2OTHER,26,KONIADIE,SN,,,,
r6,Q2OTHER,26,MANKAGNE,SN,,,,
r6,Q2OTHER,26,MASSONKE,SN,,,,
r6,Q2OTHER,26,MAURE,SN,,,,
r6,Q2OTHER,26,TANDA,SN,,,,
r6,Q2OTHER,28,Ithopiwa,ZA,,,TRUE,0
r6,Q2OTHER,28,KHOI,ZA,,,TRUE,0
r6,Q2OTHER,28,KHOIS,ZA,,,TRUE,0
r6,Q2OTHER,28,KHOISAN,ZA,,,TRUE,0
r6,Q2OTHER,29,Brown Amer language,SD,,,,
r6,Q2OTHER,29,Language Almapat,SD,,,,
r6,Q2OTHER,29,Language Fellata,SD,,,TRUE,0
r6,Q2OTHER,29,Language Inqasna,SD,,,,
r6,Q2OTHER,30,Indian,SZ,,,,
r6,Q2OTHER,30,Isizulu,SZ,,,TRUE,0
r6,Q2OTHER,30,Ndebele,SZ,,,,
r6,Q2OTHER,30,Portuguese,SZ,,,TRUE,0
r6,Q2OTHER,30,Swahili,SZ,,,TRUE,0
r6,Q2OTHER,30,Zulu,SZ,,,TRUE,0
r6,Q2OTHER,31,KIARUSHA,TZ,,,,
r6,Q2OTHER,31,KIBEMBE,TZ,,,TRUE,2
r6,Q2OTHER,31,KIBENA,TZ,,,TRUE,2
r6,Q2OTHER,31,KIBONDEI,TZ,,,TRUE,2
r6,Q2OTHER,31,KIBORANA,TZ,,,,
r6,Q2OTHER,31,KIBUNGU,TZ,,,TRUE,2
r6,Q2OTHER,31,KIDIGO,TZ,,,TRUE,2
r6,Q2OTHER,31,KIDOE,TZ,,,TRUE,2
r6,Q2OTHER,31,KIGUNYA,TZ,,,,
r6,Q2OTHER,31,KIHA,TZ,,,TRUE,2
r6,Q2OTHER,31,KIHANGAZA,TZ,,,TRUE,2
r6,Q2OTHER,31,KIIKIZU,TZ,,,TRUE,2
r6,Q2OTHER,31,KIIRAQ,TZ,,,,
r6,Q2OTHER,31,KIJAHIDIRI,TZ,,,,
r6,Q2OTHER,31,KIJALUO,TZ,,,,
r6,Q2OTHER,31,KIJITA,TZ,,,TRUE,2
r6,Q2OTHER,31,KIKABWA,TZ,,,TRUE,2
r6,Q2OTHER,31,KIKAGURU,TZ,,,,
r6,Q2OTHER,31,KIKAHE,TZ,,,TRUE,2
r6,Q2OTHER,31,KIKARA,TZ,,,TRUE,2
r6,Q2OTHER,31,KIKEREWE,TZ,,,TRUE,2
r6,Q2OTHER,31,KIKIMBU,TZ,,,TRUE,2
r6,Q2OTHER,31,KIKINE,TZ,,,TRUE,2
r6,Q2OTHER,31,KIKINGA,TZ,,,TRUE,0
r6,Q2OTHER,31,KIKONONGO,TZ,,,TRUE,1
r6,Q2OTHER,31,KIKWAYA,TZ,,,TRUE,2
r6,Q2OTHER,31,KILONGO,TZ,,,,
r6,Q2OTHER,31,KIMAKUNDUCHI,TZ,,,,
r6,Q2OTHER,31,KIMAKUWA,TZ,,,,
r6,Q2OTHER,31,KIMALILI,TZ,,,,
r6,Q2OTHER,31,KIMANG'ATI,TZ,,,,
r6,Q2OTHER,31,KIMATAMBWE,TZ,,,,
r6,Q2OTHER,31,KIMATENGO,TZ,,,TRUE,2
r6,Q2OTHER,31,KIMATUMBI,TZ,,,TRUE,0
r6,Q2OTHER,31,KIMAZURUNI,TZ,,,,
r6,Q2OTHER,31,KIMBULU,TZ,,,,
r6,Q2OTHER,31,KIMWERA,TZ,,,TRUE,0
r6,Q2OTHER,31,KINDALI,TZ,,,TRUE,2
r6,Q2OTHER,31,KINDAMBA,TZ,,,TRUE,2
r6,Q2OTHER,31,KINDENDEULE,TZ,,,TRUE,2
r6,Q2OTHER,31,KINDENGEREKO,TZ,,,TRUE,2
r6,Q2OTHER,31,KINDONDE,TZ,,,,
r6,Q2OTHER,31,KINDYEWE,TZ,,,,
r6,Q2OTHER,31,KINGINDO,TZ,,,TRUE,2
r6,Q2OTHER,31,KINGUU,TZ,,,,
r6,Q2OTHER,31,KINYAMBO,TZ,,,TRUE,0
r6,Q2OTHER,31,KINYAMWANGA,TZ,,,TRUE,2
r6,Q2OTHER,31,KINYANTUZU,TZ,,,,
r6,Q2OTHER,31,KINYASA,TZ,,,TRUE,2
r6,Q2OTHER,31,KINYATURU,TZ,,,TRUE,0
r6,Q2OTHER,31,KINYIHA,TZ,,,TRUE,1
r6,Q2OTHER,31,KINYIMBO,TZ,,,,
r6,Q2OTHER,31,KINYIRAMBA,TZ,,,,
r6,Q2OTHER,31,KINYISANZU,TZ,,,TRUE,2
r6,Q2OTHER,31,KIPANGWA,TZ,,,TRUE,0
r6,Q2OTHER,31,KIPEMBA,TZ,,,,
r6,Q2OTHER,31,KIPOGORO,TZ,,,,
r6,Q2OTHER,31,KIRANGI,TZ,,,TRUE,0
r6,Q2OTHER,31,KIRURI,TZ,,,TRUE,2
r6,Q2OTHER,31,KISAFWA,TZ,,,TRUE,2
r6,Q2OTHER,31,KISAMBAA,TZ,,,TRUE,0
r6,Q2OTHER,31,KISANDAWE,TZ,,,TRUE,0
r6,Q2OTHER,31,KISANGU,TZ,,,TRUE,2
r6,Q2OTHER,31,KISEGEJU,TZ,,,TRUE,2
r6,Q2OTHER,31,KISHIRAZI,TZ,,,,
r6,Q2OTHER,31,KISIMBITI,TZ,,,TRUE,2
r6,Q2OTHER,31,KISIZAKI,TZ,,,TRUE,2
r6,Q2OTHER,31,KISUBI,TZ,,,TRUE,2
r6,Q2OTHER,31,KISUMBWA,TZ,,,TRUE,2
r6,Q2OTHER,31,KITATURU,TZ,,,,
r6,Q2OTHER,31,KITONGWE,TZ,,,TRUE,2
r6,Q2OTHER,31,KITUMBATU,TZ,,,,
r6,Q2OTHER,31,KIWANJI,TZ,,,TRUE,2
r6,Q2OTHER,31,KIYAO,TZ,,,TRUE,0
r6,Q2OTHER,31,KIZANAKI,TZ,,,TRUE,2
r6,Q2OTHER,31,KIZARAMO,TZ,,,TRUE,2
r6,Q2OTHER,31,KIZIGUA,TZ,,,TRUE,2
r6,Q2OTHER,31,KIZINZA,TZ,,,TRUE,2
r6,Q2OTHER,32,ADELE,TG,,,TRUE,2
r6,Q2OTHER,32,LOGBA,TG,,,TRUE,1
r6,Q2OTHER,32,MOSSI,TG,,,TRUE,0
r6,Q2OTHER,32,PEULH,TG,,,TRUE,1
r6,Q2OTHER,32,SOLA,TG,,,TRUE,1
r6,Q2OTHER,32,TAMBERMA,TG,,,TRUE,1
r6,Q2OTHER,32,YANGA,TG,,,TRUE,0
r6,Q2OTHER,34,BAGUNGU,UG,,,TRUE,2
r6,Q2OTHER,34,BALUYA,UG,,,TRUE,0
r6,Q2OTHER,34,KAKWA,UG,,,TRUE,1
r6,Q2OTHER,34,KINYARWANDA,UG,,,TRUE,0
r6,Q2OTHER,34,KUMAM,UG,,,TRUE,2
r6,Q2OTHER,34,LENDU,UG,,,TRUE,0
r6,Q2OTHER,34,LUDAMA,UG,,,TRUE,2
r6,Q2OTHER,34,LUFUMBIRA,UG,,,TRUE,0
r6,Q2OTHER,34,LUGWERE,UG,,,TRUE,2
r6,Q2OTHER,34,LUJALUWO,UG,,,TRUE,2
r6,Q2OTHER,34,LULAMOGI,UG,,,TRUE,2
r6,Q2OTHER,34,LULURI,UG,,,TRUE,2
r6,Q2OTHER,34,LUNYALA,UG,,,TRUE,2
r6,Q2OTHER,34,LUNYARA,UG,,,TRUE,2
r6,Q2OTHER,34,LUO,UG,,,TRUE,0
r6,Q2OTHER,34,LURURU,UG,,,TRUE,2
r6,Q2OTHER,34,MULAMOGI,UG,,,TRUE,2
r6,Q2OTHER,34,MUNYABINDI,UG,,,,
r6,Q2OTHER,34,MURUNDI,UG,,,TRUE,0
r6,Q2OTHER,34,RUFUMBIRA,UG,,,TRUE,0
r6,Q2OTHER,34,RUNGUNGU,UG,,,TRUE,2
r6,Q2OTHER,34,RUNYARWANDA,UG,,,TRUE,0
r6,Q2OTHER,34,RURULI,UG,,,TRUE,2
r6,Q2OTHER,34,RUSONGORA,UG,,,TRUE,2
r6,Q2OTHER,35,chikunda,ZM,,,TRUE,2
r6,Q2OTHER,35,chiyamba,ZM,,,,
r6,Q2OTHER,35,lambia,ZM,,,,
r6,Q2OTHER,35,luchazi,ZM,,,TRUE,0
r6,Q2OTHER,35,mikundu,ZM,,,,
r6,Q2OTHER,35,ndebele,ZM,,,,
r6,Q2OTHER,35,nswaka,ZM,,,,
r6,Q2OTHER,35,sala,ZM,,,TRUE,2
r6,Q2OTHER,35,swahili,ZM,,,,
r6,Q2OTHER,36,BOCHA,ZW,,,TRUE,2
r6,Q2OTHER,36,BUJA,ZW,,,,
r6,Q2OTHER,36,CHEWA,ZW,,,,
r6,Q2OTHER,36,CHITOKO,ZW,,,,
r6,Q2OTHER,36,DUMBE,ZW,,,,
r6,Q2OTHER,36,LOZWI,ZW,,,,
r6,Q2OTHER,36,MAUNGWE,ZW,,,,
r6,Q2OTHER,36,MDOMBE,ZW,,,,
r6,Q2OTHER,36,MUSHANGWE,ZW,,,,
r6,Q2OTHER,36,NAMBYA,ZW,,,TRUE,1
r6,Q2OTHER,36,NLEYA ZAMBIA,ZW,,,,
r6,Q2OTHER,36,NYANJA,ZW,,,TRUE,0
r6,Q2OTHER,36,SHANGANI,ZW,,,TRUE,0
r6,Q2OTHER,36,SIDOMBE,ZW,,,,
r6,Q2OTHER,36,SUTHU,ZW,,,,
r6,Q2OTHER,36,TSENGA,ZW,,,,
