round,variable,country,value,iso_alpha2,standardized_name,n
4,Q3OTHER,14,ABI,NG,abi,2
4,Q3OTHER,14,ABUA,NG,abua,9
4,Q3OTHER,14,ADUN,NG,adun,1
4,Q3OTHER,14,AFIKPO,NG,afikpo,1
4,Q3OTHER,14,AHUDA,NG,ahuda,1
4,Q3OTHER,14,AKA,NG,aka,1
4,Q3OTHER,18,Akumu,UG,akumu,1
4,Q3OTHER,14,AKWANDARA,NG,akwandara,1
4,Q3OTHER,14,ANDONI,NG,andoni,12
4,Q3OTHER,14,ANGAS,NG,angas,5
4,Q3OTHER,14,ANKWAI,NG,ankwai,1
4,Q3OTHER,6,Arabic,KE,arabic,4
4,Q3OTHER,14,ARAGO,NG,arago,1
4,Q3OTHER,18,Aringa,UG,aringa,1
4,Q3OTHER,16,Asian,ZA,asian,1
4,Q3OTHER,16,Asian/Indian,ZA,asian/indian,3
4,Q3OTHER,5,ASSIN,GH,assin,1
4,Q3OTHER,14,AWAK,NG,awak,1
4,Q3OTHER,14,AWORI,NG,awori,2
4,Q3OTHER,14,AZOQO,NG,azoqo,1
4,Q3OTHER,14,BABUR,NG,babur,16
4,Q3OTHER,14,BACHAMA,NG,bachama,1
4,Q3OTHER,14,BADA,NG,bada,3
4,Q3OTHER,6,Bajun,KE,bajun,1
4,Q3OTHER,15,Balante,SN,balante,1
4,Q3OTHER,14,BALAWA,NG,balawa,1
4,Q3OTHER,5,BANDA,GH,banda,3
4,Q3OTHER,5,BASARE,GH,basare,8
4,Q3OTHER,14,BASSA,NG,bassa,2
4,Q3OTHER,5,BASSELI,GH,basseli,1
4,Q3OTHER,14,BAZANFARA,NG,bazanfara,1
4,Q3OTHER,14,BEKWAIRA,NG,bekwaira,1
4,Q3OTHER,3,BELLA,BF,bella,4
4,Q3OTHER,5,BEMUBA,GH,bemuba,1
4,Q3OTHER,14,BETEM,NG,betem,1
4,Q3OTHER,14,BETTE,NG,bette,1
4,Q3OTHER,5,BIMOBA,GH,bimoba,1
4,Q3OTHER,14,BIROM,NG,birom,1
4,Q3OTHER,14,BISA,NG,bisa,5
4,Q3OTHER,5,BISAB,GH,bisab,1
4,Q3OTHER,6,Borana,KE,borana,3
4,Q3OTHER,14,BRASS,NG,brass,1
4,Q3OTHER,5,BREFO,GH,brefo,8
4,Q3OTHER,5,BROSA,GH,brosa,5
4,Q3OTHER,20,BUDYA,ZW,budya,6
4,Q3OTHER,5,BUILSA,GH,builsa,2
4,Q3OTHER,5,BULE,GH,bule,6
4,Q3OTHER,5,BUSANGA,GH,busanga,3
4,Q3OTHER,5,BUZANGA,GH,buzanga,1
4,Q3OTHER,19,BWILE,ZM,bwile,3
4,Q3OTHER,14,CALABAR,NG,calabar,1
4,Q3OTHER,20,CHANGANI,ZW,changani,1
4,Q3OTHER,12,CHEUA,MZ,cheua,5
4,Q3OTHER,12,CHEWA,MZ,chewa,3
4,Q3OTHER,20,CHEWA,ZW,chewa,3
4,Q3OTHER,12,CHEWE,MZ,chewe,1
4,Q3OTHER,14,CHIBOK,NG,chibok,2
4,Q3OTHER,16,Chichewa,ZA,chichewa,1
4,Q3OTHER,20,CHIKARANGA,ZW,chikaranga,1
4,Q3OTHER,12,CHIMANICA,MZ,chimanica,2
4,Q3OTHER,12,CHITEUE,MZ,chiteue,1
4,Q3OTHER,12,CHIUTE,MZ,chiute,4
4,Q3OTHER,19,CHOKWE,ZM,chokwe,4
4,Q3OTHER,12,CHONA,MZ,chona,2
4,Q3OTHER,12,CHUABO,MZ,chuabo,1
4,Q3OTHER,12,COTI,MZ,coti,6
4,Q3OTHER,14,CROSS RIVER YALA,NG,cross river yala,1
4,Q3OTHER,5,DAGAARI,GH,dagaari,17
4,Q3OTHER,5,DAGATE,GH,dagate,10
4,Q3OTHER,5,DAGOMBA,GH,dagomba,2
4,Q3OTHER,14,DIEMAK,NG,diemak,2
4,Q3OTHER,6,Digo,KE,digo,3
4,Q3OTHER,3,DOGON,BF,dogon,2
4,Q3OTHER,5,DOLIME,GH,dolime,1
4,Q3OTHER,20,DOMBE,ZW,dombe,1
4,Q3OTHER,14,EAPIE,NG,eapie,1
4,Q3OTHER,14,ECTHIE,NG,ecthie,1
4,Q3OTHER,5,EFUTU,GH,efutu,1
4,Q3OTHER,14,EGBEMA,NG,egbema,3
4,Q3OTHER,14,EGBMA,NG,egbma,1
4,Q3OTHER,14,EGEDE,NG,egede,1
4,Q3OTHER,14,EGGON,NG,eggon,9
4,Q3OTHER,14,EJAGAM,NG,ejagam,8
4,Q3OTHER,14,ELEME,NG,eleme,8
4,Q3OTHER,14,EPEYE,NG,epeye,2
4,Q3OTHER,14,EPIA,NG,epia,2
4,Q3OTHER,5,FANTI,GH,fanti,1
4,Q3OTHER,5,FRAFRA,GH,frafra,11
4,Q3OTHER,6,Gabra,KE,gabra,7
4,Q3OTHER,14,GBAGYI,NG,gbagyi,11
4,Q3OTHER,6,Giriama,KE,giriama,2
4,Q3OTHER,14,GLANDA,NG,glanda,4
4,Q3OTHER,14,GOMAI,NG,gomai,1
4,Q3OTHER,5,GONJA,GH,gonja,4
4,Q3OTHER,5,GRUMA,GH,gruma,6
4,Q3OTHER,5,GRUNI,GH,gruni,12
4,Q3OTHER,5,GRUSSI,GH,grussi,6
4,Q3OTHER,5,GUAN,GH,guan,1
4,Q3OTHER,6,Gujarat,KE,gujarat,1
4,Q3OTHER,14,GWARI,NG,gwari,4
4,Q3OTHER,11,Haoussa,ML,haoussa,3
4,Q3OTHER,1,HAOUSSA,BJ,haoussa,2
4,Q3OTHER,14,HIGGI,NG,higgi,1
4,Q3OTHER,14,IBANI,NG,ibani,1
4,Q3OTHER,14,ICHEN,NG,ichen,2
4,Q3OTHER,19,ICISHILA,ZM,icishila,1
4,Q3OTHER,14,IGARA,NG,igara,1
4,Q3OTHER,14,IGEDE,NG,igede,19
4,Q3OTHER,6,Indian,KE,indian,2
4,Q3OTHER,16,Indian,ZA,indian,3
4,Q3OTHER,14,IPIA,NG,ipia,2
4,Q3OTHER,7,Isixhoza,LS,isixhoza,1
4,Q3OTHER,14,IYALA,NG,iyala,2
4,Q3OTHER,14,JUKUN,NG,jukun,4
4,Q3OTHER,14,JUKUN DONGA,NG,jukun donga,2
4,Q3OTHER,3,KADO,BF,kado,3
4,Q3OTHER,14,KAGORO,NG,kagoro,1
4,Q3OTHER,14,KAGORU,NG,kagoru,1
4,Q3OTHER,17,KAKAGURU,TZ,kakaguru,1
4,Q3OTHER,11,Kakolo,ML,kakolo,3
4,Q3OTHER,18,Kakwa,UG,kakwa,5
4,Q3OTHER,14,KALABARI,NG,kalabari,7
4,Q3OTHER,14,KAMBARI,NG,kambari,10
4,Q3OTHER,14,KAMBU,NG,kambu,1
4,Q3OTHER,3,KARAKAN,BF,karakan,2
4,Q3OTHER,18,Karamajong,UG,karamajong,1
4,Q3OTHER,20,KARANGA,ZW,karanga,24
4,Q3OTHER,14,KARI-KARI,NG,kari-kari,6
4,Q3OTHER,5,KASEM,GH,kasem,10
4,Q3OTHER,5,KASINA,GH,kasina,1
4,Q3OTHER,14,KATAF,NG,kataf,5
4,Q3OTHER,14,KATAF(ATYAP),NG,kataf(atyap),4
4,Q3OTHER,14,KHANA,NG,khana,8
4,Q3OTHER,10,Khokhola,MW,khokhola,3
4,Q3OTHER,17,KIAL-YOROBI,TZ,kial-yorobi,1
4,Q3OTHER,17,KIARUSHA,TZ,kiarusha,5
4,Q3OTHER,17,KIASI,TZ,kiasi,1
4,Q3OTHER,17,KIBARBAIK,TZ,kibarbaik,1
4,Q3OTHER,17,KIBEMBE,TZ,kibembe,4
4,Q3OTHER,17,KIBENA,TZ,kibena,18
4,Q3OTHER,17,KIBONDEI,TZ,kibondei,8
4,Q3OTHER,17,KIBUNGU,TZ,kibungu,1
4,Q3OTHER,17,KIDIGO,TZ,kidigo,4
4,Q3OTHER,17,KIHA,TZ,kiha,48
4,Q3OTHER,17,KIHANGAZA,TZ,kihangaza,18
4,Q3OTHER,17,KIHINDI,TZ,kihindi,1
4,Q3OTHER,17,KIIRAQI,TZ,kiiraqi,36
4,Q3OTHER,17,KIJALUO,TZ,kijaluo,14
4,Q3OTHER,17,KIJITA,TZ,kijita,26
4,Q3OTHER,17,KIKEREWE,TZ,kikerewe,3
4,Q3OTHER,17,KIKIMBU,TZ,kikimbu,1
4,Q3OTHER,17,KIKINE,TZ,kikine,1
4,Q3OTHER,17,KIKINGA,TZ,kikinga,10
4,Q3OTHER,17,KIKONONGO,TZ,kikonongo,1
4,Q3OTHER,17,KIKUTU,TZ,kikutu,4
4,Q3OTHER,17,KIKWAYA,TZ,kikwaya,2
4,Q3OTHER,17,KILAMBYA,TZ,kilambya,1
4,Q3OTHER,17,KILINDI,TZ,kilindi,1
4,Q3OTHER,17,KILUNGWA,TZ,kilungwa,2
4,Q3OTHER,17,KIMAKUA,TZ,kimakua,5
4,Q3OTHER,17,KIMALILA,TZ,kimalila,2
4,Q3OTHER,17,KIMAMBWE,TZ,kimambwe,1
4,Q3OTHER,17,KIMATENGO,TZ,kimatengo,11
4,Q3OTHER,17,KIMATUMBI,TZ,kimatumbi,4
4,Q3OTHER,17,KIMBEMBE,TZ,kimbembe,1
4,Q3OTHER,17,KIMBULU,TZ,kimbulu,4
4,Q3OTHER,17,KIMBUNGO,TZ,kimbungo,1
4,Q3OTHER,17,KIMERU,TZ,kimeru,1
4,Q3OTHER,12,KIMWANI,MZ,kimwani,2
4,Q3OTHER,17,KIMWERA,TZ,kimwera,15
4,Q3OTHER,17,KINDALI,TZ,kindali,12
4,Q3OTHER,17,KINDAMBA,TZ,kindamba,1
4,Q3OTHER,17,KINDENDEULE,TZ,kindendeule,11
4,Q3OTHER,17,KINDENGEREKO,TZ,kindengereko,5
4,Q3OTHER,17,KINGINDO,TZ,kingindo,6
4,Q3OTHER,17,KINGONI,TZ,kingoni,2
4,Q3OTHER,17,KINYAGAZWA,TZ,kinyagazwa,1
4,Q3OTHER,17,KINYAMBO,TZ,kinyambo,18
4,Q3OTHER,17,KINYAMWANGA,TZ,kinyamwanga,5
4,Q3OTHER,17,KINYIHA,TZ,kinyiha,7
4,Q3OTHER,17,KIPANGWA,TZ,kipangwa,2
4,Q3OTHER,17,KIPIMBWE,TZ,kipimbwe,8
4,Q3OTHER,17,KIPOGORO,TZ,kipogoro,14
4,Q3OTHER,6,Kipsigis,KE,kipsigis,1
4,Q3OTHER,17,KIRANGI,TZ,kirangi,11
4,Q3OTHER,17,KIRYERI,TZ,kiryeri,1
4,Q3OTHER,17,KISAFWA,TZ,kisafwa,5
4,Q3OTHER,17,KISAGARA,TZ,kisagara,2
4,Q3OTHER,17,KISAMBAA,TZ,kisambaa,15
4,Q3OTHER,17,KISANGU,TZ,kisangu,3
4,Q3OTHER,17,KISHIHIRI,TZ,kishihiri,1
4,Q3OTHER,17,KISHIRAZI,TZ,kishirazi,1
4,Q3OTHER,17,KISHUBI,TZ,kishubi,1
4,Q3OTHER,17,KISUBA,TZ,kisuba,1
4,Q3OTHER,17,KISUMBWA,TZ,kisumbwa,4
4,Q3OTHER,17,KITUMBATU,TZ,kitumbatu,5
4,Q3OTHER,17,KIVIDUNDA,TZ,kividunda,1
4,Q3OTHER,17,KIWANJI,TZ,kiwanji,1
4,Q3OTHER,17,KIYAO,TZ,kiyao,16
4,Q3OTHER,17,KIZANAKI,TZ,kizanaki,1
4,Q3OTHER,17,KIZARAMO,TZ,kizaramo,10
4,Q3OTHER,17,KIZIGUA,TZ,kizigua,24
4,Q3OTHER,17,KIZINZA,TZ,kizinza,10
4,Q3OTHER,5,KONKOBA,GH,konkoba,11
4,Q3OTHER,20,KOREKORE,ZW,korekore,15
4,Q3OTHER,5,KOTOKOLI,GH,kotokoli,1
4,Q3OTHER,18,Kumam,UG,kumam,8
4,Q3OTHER,19,KUNDA,ZM,kunda,9
4,Q3OTHER,5,KUSAL,GH,kusal,2
4,Q3OTHER,5,KUSASI,GH,kusasi,18
4,Q3OTHER,14,KUTEB,NG,kuteb,3
4,Q3OTHER,14,KWALLA,NG,kwalla,1
4,Q3OTHER,19,LALA,ZM,lala,14
4,Q3OTHER,19,LAMBA,ZM,lamba,11
4,Q3OTHER,5,LARTEH,GH,larteh,1
4,Q3OTHER,5,LEKPEKPE,GH,lekpekpe,1
4,Q3OTHER,12,LOLO,MZ,lolo,5
4,Q3OTHER,12,LOMUE,MZ,lomue,101
4,Q3OTHER,12,LOMWE,MZ,lomwe,1
4,Q3OTHER,19,LUCHAZI,ZM,luchazi,1
4,Q3OTHER,18,Lululi,UG,lululi,11
4,Q3OTHER,19,LUNDA KAZEMBE,ZM,lunda kazembe,1
4,Q3OTHER,19,LUNGU,ZM,lungu,11
4,Q3OTHER,18,Lwamba,UG,lwamba,7
4,Q3OTHER,12,MACHEUA,MZ,macheua,3
4,Q3OTHER,12,MAKWE,MZ,makwe,1
4,Q3OTHER,20,MALAWIAN,ZW,malawian,1
4,Q3OTHER,12,MALOLO,MZ,malolo,4
4,Q3OTHER,14,MAMBILLA,NG,mambilla,4
4,Q3OTHER,5,MAMPRULI,GH,mampruli,8
4,Q3OTHER,5,MAMPRUSI,GH,mamprusi,9
4,Q3OTHER,14,MANGA,NG,manga,1
4,Q3OTHER,12,MANHEMBANE,MZ,manhembane,1
4,Q3OTHER,12,MANHUNGUE,MZ,manhungue,4
4,Q3OTHER,20,MANICA (MOZAMBICAN),ZW,manica (mozambican),1
4,Q3OTHER,20,MANYIKA,ZW,manyika,27
4,Q3OTHER,12,MARENGE,MZ,marenge,2
4,Q3OTHER,12,MARENJE,MZ,marenje,1
4,Q3OTHER,14,MARGHI,NG,marghi,12
4,Q3OTHER,15,Marocain,SN,marocain,1
4,Q3OTHER,12,MATEUE,MZ,mateue,1
4,Q3OTHER,12,MATHEWE,MZ,mathewe,1
4,Q3OTHER,12,MATSUA,MZ,matsua,6
4,Q3OTHER,20,MAUNGWE,ZW,maungwe,8
4,Q3OTHER,14,MBEMBE,NG,mbembe,3
4,Q3OTHER,19,MBUNDA,ZM,mbunda,3
4,Q3OTHER,14,MICHICA,NG,michica,1
4,Q3OTHER,14,MINYAM,NG,minyam,1
4,Q3OTHER,5,MOSSI,GH,mossi,1
4,Q3OTHER,20,MOZAMBICAN,ZW,mozambican,1
4,Q3OTHER,12,MUANI,MZ,muani,4
4,Q3OTHER,12,MUAUNI,MZ,muauni,1
4,Q3OTHER,13,Mufwe,NA,mufwe,4
4,Q3OTHER,14,MUMUYE,NG,mumuye,8
4,Q3OTHER,12,MUNIGA,MZ,muniga,1
4,Q3OTHER,12,MUNOGA,MZ,munoga,1
4,Q3OTHER,14,MURYANG,NG,muryang,1
4,Q3OTHER,14,MWAGHAWUL,NG,mwaghawul,3
4,Q3OTHER,7,Mzema,LS,mzema,1
4,Q3OTHER,5,NAFANA,GH,nafana,1
4,Q3OTHER,20,NAMBIA,ZW,nambia,2
4,Q3OTHER,20,NAMBYA,ZW,nambya,9
4,Q3OTHER,10,Namwanga,MW,namwanga,1
4,Q3OTHER,5,NANUM,GH,nanum,1
4,Q3OTHER,10,Ndali,MW,ndali,6
4,Q3OTHER,20,NDAU,ZW,ndau,14
4,Q3OTHER,19,NDEBELE,ZM,ndebele,1
4,Q3OTHER,14,NDORO,NG,ndoro,1
4,Q3OTHER,14,NEDERE,NG,nedere,1
4,Q3OTHER,19,NGUMBO,ZM,ngumbo,1
4,Q3OTHER,12,NHUNGUE,MZ,nhungue,52
4,Q3OTHER,18,Nubian,UG,nubian,7
4,Q3OTHER,14,NUMANA,NG,numana,1
4,Q3OTHER,20,NYAHO (CHAWA),ZW,nyaho (chawa),1
4,Q3OTHER,20,NYANJA,ZW,nyanja,7
4,Q3OTHER,13,Nyemba,NA,nyemba,7
4,Q3OTHER,10,Nyika,MW,nyika,8
4,Q3OTHER,19,NYIKA,ZM,nyika,5
4,Q3OTHER,12,NYUNGUE,MZ,nyungue,1
4,Q3OTHER,5,NZEMA,GH,nzema,14
4,Q3OTHER,14,OBUBRA,NG,obubra,1
4,Q3OTHER,14,OGAJA,NG,ogaja,1
4,Q3OTHER,14,OGBIA,NG,ogbia,8
4,Q3OTHER,14,OKIRIKA,NG,okirika,34
4,Q3OTHER,14,OPOBO,NG,opobo,1
4,Q3OTHER,14,ORON,NG,oron,1
4,Q3OTHER,16,Pashto,ZA,pashto,1
4,Q3OTHER,6,Pokomo,KE,pokomo,1
4,Q3OTHER,3,POUGOULI,BF,pougouli,1
4,Q3OTHER,14,RENDERE,NG,rendere,1
4,Q3OTHER,12,RONGA,MZ,ronga,16
4,Q3OTHER,18,Rufumbira,UG,rufumbira,22
4,Q3OTHER,18,Rulundi,UG,rulundi,2
4,Q3OTHER,18,Runyarwanda,UG,runyarwanda,10
4,Q3OTHER,18,Rwandese,UG,rwandese,1
4,Q3OTHER,18,Sabiny,UG,sabiny,18
4,Q3OTHER,6,Saboti,KE,saboti,1
4,Q3OTHER,19,SALA,ZM,sala,2
4,Q3OTHER,11,Samogo,ML,samogo,5
4,Q3OTHER,13,San,NA,san,7
4,Q3OTHER,8,Sarpo,LR,sarpo,11
4,Q3OTHER,2,Sebanderu,BW,sebanderu,3
4,Q3OTHER,5,SEFWI,GH,sefwi,14
4,Q3OTHER,2,Segxereku,BW,segxereku,1
4,Q3OTHER,12,SENA,MZ,sena,1
4,Q3OTHER,2,Senajwa,BW,senajwa,1
4,Q3OTHER,19,SENGA,ZM,senga,7
4,Q3OTHER,2,Seshona,BW,seshona,2
4,Q3OTHER,2,Sesotho,BW,sesotho,1
4,Q3OTHER,2,Setlharwa,BW,setlharwa,2
4,Q3OTHER,2,Setswapong,BW,setswapong,19
4,Q3OTHER,2,Sezezuru,BW,sezezuru,1
4,Q3OTHER,20,SHANGANI,ZW,shangani,2
4,Q3OTHER,12,SHONA,MZ,shona,5
4,Q3OTHER,19,SHONA,ZM,shona,1
4,Q3OTHER,12,"SHONA, CHEUA",MZ,"shona, cheua",1
4,Q3OTHER,14,SHUWA ARAB,NG,shuwa arab,1
4,Q3OTHER,13,Sifwe,NA,sifwe,1
4,Q3OTHER,5,SISILA,GH,sisila,13
4,Q3OTHER,3,SISSABA,BF,sissaba,1
4,Q3OTHER,19,SWAKA,ZM,swaka,1
4,Q3OTHER,12,TACUANE,MZ,tacuane,8
4,Q3OTHER,5,TALENSI,GH,talensi,5
4,Q3OTHER,3,TAMACHECK,BF,tamacheck,1
4,Q3OTHER,5,TAMPULMA,GH,tampulma,1
4,Q3OTHER,14,TANGALE,NG,tangale,8
4,Q3OTHER,14,TARAH,NG,tarah,1
4,Q3OTHER,20,TAURA (MOZAMBICAN),ZW,taura (mozambican),1
4,Q3OTHER,14,TERA,NG,tera,1
4,Q3OTHER,6,Teso,KE,teso,7
4,Q3OTHER,12,TEWE,MZ,tewe,8
4,Q3OTHER,14,TIGUM,NG,tigum,3
4,Q3OTHER,14,TIGUN,NG,tigun,1
4,Q3OTHER,6,Tiriki,KE,tiriki,1
4,Q3OTHER,19,TOKALEYA,ZM,tokaleya,12
4,Q3OTHER,12,TONGA,MZ,tonga,1
4,Q3OTHER,13,Totela,NA,totela,1
4,Q3OTHER,3,TOUSSIAN,BF,toussian,2
4,Q3OTHER,14,UGEP,NG,ugep,10
4,Q3OTHER,19,USHI,ZM,ushi,12
4,Q3OTHER,19,USMI,ZM,usmi,2
4,Q3OTHER,13,Uumbundu,NA,uumbundu,2
4,Q3OTHER,5,WA DORMU,GH,wa dormu,1
4,Q3OTHER,5,WAALA,GH,waala,10
4,Q3OTHER,14,WAJA,NG,waja,2
4,Q3OTHER,5,WASSA,GH,wassa,7
4,Q3OTHER,10,Wiza,MW,wiza,3
4,Q3OTHER,12,XITEU,MZ,xiteu,1
4,Q3OTHER,12,XITSUA,MZ,xitsua,26
4,Q3OTHER,14,YAKUR,NG,yakur,1
4,Q3OTHER,20,YAO,ZW,yao,1
4,Q3OTHER,5,ZABRAMA,GH,zabrama,1
4,Q3OTHER,11,Zerma,ML,zerma,1
4,Q3OTHER,19,ZEZULU,ZM,zezulu,1
4,Q3OTHER,20,ZEZURU,ZW,zezuru,44
4,Q3OTHER,7,Zhoza,LS,zhoza,1
4,Q3OTHER,5,ZUGU,GH,zugu,1
4,Q3OTHER,14,ZURU,NG,zuru,2
5,Q103OTHER,24,AKEBOU,TG,akebou,1
5,Q103OTHER,15,BADIARANKE,SN,badiaranke,1
5,Q103OTHER,26,BAHAM,CM,baham,1
5,Q103OTHER,26,BANDJOUN,CM,bandjoun,1
5,Q103OTHER,28,BASSANO FOULA,GN,bassano foula,1
5,Q103OTHER,21,BHOJPURI,MU,bhojpuri,3
5,Q103OTHER,1,BOO,BJ,boo,3
5,Q103OTHER,26,DII,CM,dii,1
5,Q103OTHER,1,DITAMARI,BJ,ditamari,4
5,Q103OTHER,6,ENG AND SWAHILI,KE,eng and swahili,1
5,Q103OTHER,24,GANGAN,TG,gangan,1
5,Q103OTHER,24,GOURMA,TG,gourma,1
5,Q103OTHER,26,GUIDAR,CM,guidar,2
5,Q103OTHER,24,HAOUSSA,TG,haoussa,1
5,Q103OTHER,26,HAOUSSA,CM,haoussa,1
5,Q103OTHER,30,ISIZULU,SZ,isizulu,1
5,Q103OTHER,6,KISII,KE,kisii,1
5,Q103OTHER,24,KPESSI,TG,kpessi,1
5,Q103OTHER,6,KURIA,KE,kuria,3
5,Q103OTHER,28,LANDOUMA,GN,landouma,2
5,Q103OTHER,22,LIMBA,SL,limba,6
5,Q103OTHER,18,LUGWERE,UG,lugwere,21
5,Q103OTHER,26,MAFA,CM,mafa,3
5,Q103OTHER,28,MANIAN,GN,manian,1
5,Q103OTHER,6,MASAI,KE,masai,1
5,Q103OTHER,26,MBAMOIS,CM,mbamois,1
5,Q103OTHER,26,MBO,CM,mbo,1
5,Q103OTHER,26,MBOUM,CM,mboum,1
5,Q103OTHER,24,MINA,TG,mina,6
5,Q103OTHER,20,NAMBYA,ZW,nambya,1
5,Q103OTHER,20,NDAU,ZW,ndau,10
5,Q103OTHER,20,NYANJA,ZW,nyanja,1
5,Q103OTHER,1,PEULH,BJ,peulh,5
5,Q103OTHER,6,POKOT,KE,pokot,4
5,Q103OTHER,12,RONGA,MZ,ronga,2
5,Q103OTHER,19,SENGA,ZM,senga,4
5,Q103OTHER,7,SETHEPU,LS,sethepu,1
5,Q103OTHER,16,SHANGAAN,ZA,shangaan,1
5,Q103OTHER,22,SHERBRO,SL,sherbro,1
5,Q103OTHER,20,SHONA & NDEBELE,ZW,shona & ndebele,2
5,Q103OTHER,16,SISWATI,ZA,siswati,26
5,Q103OTHER,6,SOMALI,KE,somali,1
5,Q103OTHER,8,STANDARD ENGLISH,LR,standard english,400
5,Q103OTHER,6,SWAHILI,KE,swahili,2
5,Q103OTHER,26,TIKAR,CM,tikar,1
5,Q103OTHER,16,TSONGA,ZA,tsonga,14
5,Q103OTHER,19,TUMBUKA,ZM,tumbuka,2
5,Q103OTHER,6,TURKANA,KE,turkana,3
5,Q103OTHER,12,XITSUA,MZ,xitsua,1
5,Q103OTHER,26,YAMBASSA,CM,yambassa,1
5,Q116OTHER,27,ABOURE,CI,aboure,50
5,Q116OTHER,27,AHIZI,CI,ahizi,50
5,Q116OTHER,24,ANYANGA,TG,anyanga,50
5,Q116OTHER,14,BABUR,NG,babur,47
5,Q116OTHER,14,BACHAMA,NG,bachama,22
5,Q116OTHER,14,BAJJU,NG,bajju,50
5,Q116OTHER,26,BANDJOUN,CM,bandjoun,46
5,Q116OTHER,26,BANEN,CM,banen,48
5,Q116OTHER,14,BASSA,NG,bassa,70
5,Q116OTHER,26,BASSA,CM,bassa,156
5,Q116OTHER,26,BAYANGAM,CM,bayangam,48
5,Q116OTHER,1,BOO,BJ,boo,78
5,Q116OTHER,14,BURAH,NG,burah,25
5,Q116OTHER,12,CHITEWE,MZ,chitewe,86
5,Q116OTHER,5,DAGAARE,GH,dagaare,32
5,Q116OTHER,27,DAHOMEY,CI,dahomey,50
5,Q116OTHER,26,ETON,CM,eton,48
5,Q116OTHER,5,FRAFRA,GH,frafra,28
5,Q116OTHER,3,FULSE,BF,fulse,50
5,Q116OTHER,14,IZERE,NG,izere,40
5,Q116OTHER,14,JABA,NG,jaba,50
5,Q116OTHER,14,JARAWA,NG,jarawa,20
5,Q116OTHER,14,JUKUN,NG,jukun,26
5,Q116OTHER,17,KIJITA,TZ,kijita,89
5,Q116OTHER,17,KILURI,TZ,kiluri,89
5,Q116OTHER,14,KORO,NG,koro,50
5,Q116OTHER,26,KOTOKO,CM,kotoko,48
5,Q116OTHER,26,MAFA,CM,mafa,54
5,Q116OTHER,26,MBO,CM,mbo,96
5,Q116OTHER,14,NGAS,NG,ngas,38
5,Q116OTHER,26,NTOUMOU,CM,ntoumou,46
5,Q116OTHER,26,NYEM NYEM,CM,nyem nyem,48
5,Q116OTHER,19,NYIKA,ZM,nyika,32
5,Q116OTHER,14,RON,NG,ron,20
5,Q116OTHER,18,RUFUMBIIRA,UG,rufumbiira,36
5,Q116OTHER,14,SAYAWA,NG,sayawa,26
5,Q116OTHER,33,TAMAZIGHT,MA,tamazight,31
5,Q116OTHER,27,TOURA,CI,toura,50
5,Q116OTHER,5,WAALE,GH,waale,32
5,Q116OTHER,27,WOBE,CI,wobe,50
5,Q116OTHER,12,XITSWA,MZ,xitswa,24
5,Q116OTHER,14,ZURU,NG,zuru,38
5,Q2OTHER,27,ABIDJI,CI,abidji,2
5,Q2OTHER,26,ABO,CM,abo,2
5,Q2OTHER,27,ABOURE,CI,aboure,2
5,Q2OTHER,24,ADELE,TG,adele,1
5,Q2OTHER,24,ADJA,TG,adja,28
5,Q2OTHER,14,AFIZERE,NG,afizere,2
5,Q2OTHER,14,AGBOR,NG,agbor,1
5,Q2OTHER,26,AGHEM,CM,aghem,4
5,Q2OTHER,27,AHIZI,CI,ahizi,8
5,Q2OTHER,14,AHOADA,NG,ahoada,1
5,Q2OTHER,5,AKAN,GH,akan,1
5,Q2OTHER,24,AKEBOU,TG,akebou,18
5,Q2OTHER,24,AKLOBO,TG,aklobo,7
5,Q2OTHER,14,AKUMAZI,NG,akumazi,2
5,Q2OTHER,5,AKYODE,GH,akyode,1
5,Q2OTHER,14,ALAGO,NG,alago,1
5,Q2OTHER,26,AMBO-BATIBO,CM,ambo-batibo,1
5,Q2OTHER,14,AMOH,NG,amoh,1
5,Q2OTHER,24,ANAGO,TG,anago,1
5,Q2OTHER,14,ANANG,NG,anang,1
5,Q2OTHER,14,ANDONI,NG,andoni,3
5,Q2OTHER,14,ANGAS,NG,angas,1
5,Q2OTHER,27,APPOLO,CI,appolo,5
5,Q2OTHER,26,ARABE CHOA,CM,arabe choa,7
5,Q2OTHER,6,ARABIC,KE,arabic,10
5,Q2OTHER,18,ARINGA,UG,aringa,5
5,Q2OTHER,24,ASHANTI,TG,ashanti,1
5,Q2OTHER,6,ASIAN SOUTH,KE,asian south,1
5,Q2OTHER,14,ATTAKAR,NG,attakar,1
5,Q2OTHER,14,AUCHI,NG,auchi,3
5,Q2OTHER,14,AWA,NG,awa,1
5,Q2OTHER,5,AWUTU,GH,awutu,1
5,Q2OTHER,5,AYIGBE,GH,ayigbe,2
5,Q2OTHER,26,BABANJOU,CM,babanjou,2
5,Q2OTHER,26,BABIS,CM,babis,1
5,Q2OTHER,26,BABOUTE,CM,baboute,1
5,Q2OTHER,26,BABUNGO,CM,babungo,1
5,Q2OTHER,26,BACHIOTIA,CM,bachiotia,1
5,Q2OTHER,26,BADENKOP,CM,badenkop,1
5,Q2OTHER,15,BADIARANKE,SN,badiaranke,2
5,Q2OTHER,26,BADJOUE,CM,badjoue,1
5,Q2OTHER,26,BAFANJI,CM,bafanji,1
5,Q2OTHER,26,BAFMEN,CM,bafmen,3
5,Q2OTHER,26,BAFO,CM,bafo,1
5,Q2OTHER,26,BAFOUNDA,CM,bafounda,1
5,Q2OTHER,26,BAFOUSSAM,CM,bafoussam,4
5,Q2OTHER,24,BAGO,TG,bago,5
5,Q2OTHER,14,BAGWOM,NG,bagwom,1
5,Q2OTHER,26,BAHAM,CM,baham,4
5,Q2OTHER,14,BAJJU,NG,bajju,6
5,Q2OTHER,14,BAKAMUKA,NG,bakamuka,1
5,Q2OTHER,26,BAKASSI,CM,bakassi,3
5,Q2OTHER,18,BAKENYI,UG,bakenyi,1
5,Q2OTHER,26,BAKOKO,CM,bakoko,1
5,Q2OTHER,26,BAKOSSI,CM,bakossi,2
5,Q2OTHER,27,BAKWE,CI,bakwe,11
5,Q2OTHER,26,BAKWERI,CM,bakweri,3
5,Q2OTHER,15,BALANTE,SN,balante,5
5,Q2OTHER,26,BALATI,CM,balati,1
5,Q2OTHER,26,BALI,CM,bali,4
5,Q2OTHER,26,BALIKUMBAT,CM,balikumbat,2
5,Q2OTHER,26,BALINYONGYA,CM,balinyongya,1
5,Q2OTHER,26,BALONG,CM,balong,1
5,Q2OTHER,26,BAMBILI,CM,bambili,1
5,Q2OTHER,26,BAMEDJOU,CM,bamedjou,1
5,Q2OTHER,26,BAMEKA,CM,bameka,1
5,Q2OTHER,26,BAMENDA,CM,bamenda,2
5,Q2OTHER,26,BAMENDJOU,CM,bamendjou,1
5,Q2OTHER,26,BAMESSING,CM,bamessing,1
5,Q2OTHER,26,BAMUMBU,CM,bamumbu,1
5,Q2OTHER,5,BANDA,GH,banda,7
5,Q2OTHER,26,BANEN,CM,banen,2
5,Q2OTHER,26,BANGOU,CM,bangou,4
5,Q2OTHER,26,BANOSSI,CM,banossi,1
5,Q2OTHER,26,BAPA,CM,bapa,3
5,Q2OTHER,26,BAPOUKOU,CM,bapoukou,1
5,Q2OTHER,13,BARAKWENA,NA,barakwena,1
5,Q2OTHER,14,BASANGE,NG,basange,1
5,Q2OTHER,5,BASARE,GH,basare,8
5,Q2OTHER,28,BASSANO FOULA,GN,bassano foula,4
5,Q2OTHER,24,BASSAR,TG,bassar,4
5,Q2OTHER,26,BATCHAM,CM,batcham,2
5,Q2OTHER,26,BATIBO,CM,batibo,2
5,Q2OTHER,26,BATIE,CM,batie,1
5,Q2OTHER,26,BATOMOW,CM,batomow,1
5,Q2OTHER,5,BATTOR,GH,battor,1
5,Q2OTHER,26,BAYA,CM,baya,1
5,Q2OTHER,15,BAYOTTE,SN,bayotte,1
5,Q2OTHER,28,BEKA,GN,beka,1
5,Q2OTHER,26,BENGWI,CM,bengwi,1
5,Q2OTHER,26,BIKOM,CM,bikom,1
5,Q2OTHER,14,BILLE,NG,bille,3
5,Q2OTHER,5,BIMOBA,GH,bimoba,2
5,Q2OTHER,5,BIRIFORI,GH,birifori,3
5,Q2OTHER,14,BIROM,NG,birom,3
5,Q2OTHER,12,BITONGA,MZ,bitonga,1
5,Q2OTHER,26,BOBIS,CM,bobis,1
5,Q2OTHER,3,BOBO,BF,bobo,21
5,Q2OTHER,20,BOCHA,ZW,bocha,6
5,Q2OTHER,14,BOGOBARA,NG,bogobara,1
5,Q2OTHER,14,BOLE,NG,bole,1
5,Q2OTHER,3,BOLON,BF,bolon,1
5,Q2OTHER,26,BONGKEN,CM,bongken,1
5,Q2OTHER,1,BOO,BJ,boo,6
5,Q2OTHER,6,BORANA,KE,borana,9
5,Q2OTHER,14,BOROM,NG,borom,1
5,Q2OTHER,26,BOUDA,CM,bouda,3
5,Q2OTHER,5,BUILE,GH,buile,9
5,Q2OTHER,5,BUILSA,GH,builsa,11
5,Q2OTHER,20,BUJA,ZW,buja,6
5,Q2OTHER,16,BULGARIAN,ZA,bulgarian,1
5,Q2OTHER,26,BUM,CM,bum,1
5,Q2OTHER,14,BURA,NG,bura,2
5,Q2OTHER,5,BUSANGA,GH,busanga,8
5,Q2OTHER,5,CHAMBA,GH,chamba,2
5,Q2OTHER,14,CHAMBA,NG,chamba,4
5,Q2OTHER,14,CHAWAI,NG,chawai,1
5,Q2OTHER,12,CHECHEWA,MZ,chechewa,1
5,Q2OTHER,20,CHEWA,ZW,chewa,4
5,Q2OTHER,12,CHIBARUE,MZ,chibarue,19
5,Q2OTHER,12,CHIBAURE,MZ,chibaure,2
5,Q2OTHER,14,CHIBOK,NG,chibok,1
5,Q2OTHER,12,CHIBURUE,MZ,chiburue,1
5,Q2OTHER,12,CHICHEWA,MZ,chichewa,63
5,Q2OTHER,12,CHIGORONGOZI,MZ,chigorongozi,4
5,Q2OTHER,20,CHIKUNDA,ZW,chikunda,1
5,Q2OTHER,10,CHILAMBYA,MW,chilambya,1
5,Q2OTHER,12,CHIMANICA,MZ,chimanica,11
5,Q2OTHER,12,CHIMARENGE,MZ,chimarenge,18
5,Q2OTHER,5,CHIMULLU,GH,chimullu,8
5,Q2OTHER,10,CHINAMWANGA,MW,chinamwanga,1
5,Q2OTHER,10,CHINDALI,MW,chindali,16
5,Q2OTHER,10,CHINDALII,MW,chindalii,1
5,Q2OTHER,10,CHINDEBELE,MW,chindebele,1
5,Q2OTHER,16,CHINESE,ZA,chinese,1
5,Q2OTHER,12,CHINGONI,MZ,chingoni,1
5,Q2OTHER,12,CHINGOZI,MZ,chingozi,1
5,Q2OTHER,12,CHINHUNGUE,MZ,chinhungue,56
5,Q2OTHER,10,CHINYAKYUSA,MW,chinyakyusa,5
5,Q2OTHER,10,CHINYIKA,MW,chinyika,1
5,Q2OTHER,12,CHITAWALA,MZ,chitawala,8
5,Q2OTHER,20,CHITAWALA,ZW,chitawala,1
5,Q2OTHER,12,CHITEWE,MZ,chitewe,53
5,Q2OTHER,12,CHITSWA,MZ,chitswa,66
5,Q2OTHER,5,CHOKOSI,GH,chokosi,9
5,Q2OTHER,12,CICOTI,MZ,cicoti,3
5,Q2OTHER,26,DABA,CM,daba,3
5,Q2OTHER,3,DAFING,BF,dafing,19
5,Q2OTHER,11,DAFING,ML,dafing,5
5,Q2OTHER,5,DAGAARE,GH,dagaare,81
5,Q2OTHER,5,DAGOMBA,GH,dagomba,6
5,Q2OTHER,14,DELTA,NG,delta,2
5,Q2OTHER,15,DIAHANKE,SN,diahanke,2
5,Q2OTHER,5,DIBEBI,GH,dibebi,1
5,Q2OTHER,26,DII,CM,dii,3
5,Q2OTHER,6,DINKA,KE,dinka,1
5,Q2OTHER,26,DJANCH,CM,djanch,1
5,Q2OTHER,26,DJEM,CM,djem,1
5,Q2OTHER,27,DJIMINI,CI,djimini,11
5,Q2OTHER,3,DOGOSSE,BF,dogosse,5
5,Q2OTHER,20,DOMBE,ZW,dombe,2
5,Q2OTHER,26,DSCHANG,CM,dschang,1
5,Q2OTHER,26,DU,CM,du,1
5,Q2OTHER,27,EBRIE,CI,ebrie,14
5,Q2OTHER,14,EGBUEUAKAA,NG,egbueuakaa,1
5,Q2OTHER,14,EGGON,NG,eggon,2
5,Q2OTHER,27,EHOTILE,CI,ehotile,2
5,Q2OTHER,14,EJAGAM,NG,ejagam,2
5,Q2OTHER,26,EJAGAM,CM,ejagam,1
5,Q2OTHER,14,EKPEYE,NG,ekpeye,5
5,Q2OTHER,14,ELEME,NG,eleme,1
5,Q2OTHER,12,ENGLISH,MZ,english,1
5,Q2OTHER,26,ESIMBI,CM,esimbi,1
5,Q2OTHER,26,ESU,CM,esu,1
5,Q2OTHER,14,ETSAKO,NG,etsako,1
5,Q2OTHER,14,EZI DELTA IGBO,NG,ezi delta igbo,3
5,Q2OTHER,14,FAKUN,NG,fakun,1
5,Q2OTHER,5,FANTE,GH,fante,8
5,Q2OTHER,1,FODO,BJ,fodo,3
5,Q2OTHER,24,FON,TG,fon,7
5,Q2OTHER,26,FOULBE,CM,foulbe,2
5,Q2OTHER,5,FRAFRA,GH,frafra,27
5,Q2OTHER,5,FULANI,GH,fulani,3
5,Q2OTHER,27,GAGOU,CI,gagou,3
5,Q2OTHER,20,GARWE,ZW,garwe,1
5,Q2OTHER,14,GBAGYI,NG,gbagyi,13
5,Q2OTHER,14,GBILE,NG,gbile,1
5,Q2OTHER,14,GEUM,NG,geum,2
5,Q2OTHER,26,GHOMALA,CM,ghomala,5
5,Q2OTHER,6,GIRIAMA,KE,giriama,1
5,Q2OTHER,26,GIZZIGARE,CM,gizzigare,1
5,Q2OTHER,27,GNIABOUA,CI,gniaboua,9
5,Q2OTHER,19,GOBA,ZM,goba,9
5,Q2OTHER,5,GONJA,GH,gonja,13
5,Q2OTHER,26,GOUIFE,CM,gouife,3
5,Q2OTHER,24,GOURMA,TG,gourma,17
5,Q2OTHER,5,GRUNI,GH,gruni,22
5,Q2OTHER,5,GUAN,GH,guan,5
5,Q2OTHER,6,GUJRATHI,KE,gujrathi,1
5,Q2OTHER,5,GURUMA,GH,guruma,2
5,Q2OTHER,14,GWANDARA,NG,gwandara,1
5,Q2OTHER,14,GWARI,NG,gwari,1
5,Q2OTHER,14,GWOZA,NG,gwoza,7
5,Q2OTHER,6,"HALF TAITA, HALF ZAI",KE,"half taita, half zai",1
5,Q2OTHER,5,HANGA,GH,hanga,4
5,Q2OTHER,3,HAOUSSA,BF,haoussa,3
5,Q2OTHER,24,HAOUSSA,TG,haoussa,6
5,Q2OTHER,33,HASSANIYA,MA,hassaniya,4
5,Q2OTHER,14,HIGGI,NG,higgi,2
5,Q2OTHER,26,HINA,CM,hina,4
5,Q2OTHER,20,HINDI,ZW,hindi,1
5,Q2OTHER,6,HINDU,KE,hindu,2
5,Q2OTHER,1,HOUSSA,BJ,houssa,2
5,Q2OTHER,20,HWESA,ZW,hwesa,3
5,Q2OTHER,14,IBAJI,NG,ibaji,8
5,Q2OTHER,14,IBIE,NG,ibie,1
5,Q2OTHER,14,IJAW,NG,ijaw,1
5,Q2OTHER,14,IKA,NG,ika,11
5,Q2OTHER,14,IKOM,NG,ikom,1
5,Q2OTHER,14,IKPENA,NG,ikpena,1
5,Q2OTHER,6,INDIAN,KE,indian,2
5,Q2OTHER,14,IRIGWE,NG,irigwe,2
5,Q2OTHER,30,ISIZULU,SZ,isizulu,7
5,Q2OTHER,14,ISOKO,NG,isoko,2
5,Q2OTHER,14,IZERE,NG,izere,2
5,Q2OTHER,14,JABA,NG,jaba,1
5,Q2OTHER,14,JAJA,NG,jaja,1
5,Q2OTHER,14,JARAWA,NG,jarawa,2
5,Q2OTHER,14,JENJO,NG,jenjo,3
5,Q2OTHER,20,JINDWI,ZW,jindwi,2
5,Q2OTHER,26,JUKUM,CM,jukum,1
5,Q2OTHER,14,JUKUN,NG,jukun,18
5,Q2OTHER,14,KADARA,NG,kadara,1
5,Q2OTHER,14,KAGOMA,NG,kagoma,1
5,Q2OTHER,28,KAKABHE,GN,kakabhe,3
5,Q2OTHER,18,KAKWA,UG,kakwa,8
5,Q2OTHER,14,KALABARI,NG,kalabari,5
5,Q2OTHER,24,KAMBOLI,TG,kamboli,1
5,Q2OTHER,26,KAMBU,CM,kambu,1
5,Q2OTHER,26,KANGYANG,CM,kangyang,2
5,Q2OTHER,5,KANJAGA,GH,kanjaga,3
5,Q2OTHER,26,KANOURI,CM,kanouri,3
5,Q2OTHER,14,KAREKARE,NG,karekare,3
5,Q2OTHER,14,KARMO,NG,karmo,1
5,Q2OTHER,5,KASENA,GH,kasena,5
5,Q2OTHER,14,KATAF,NG,kataf,5
5,Q2OTHER,13,KAVANGO,NA,kavango,1
5,Q2OTHER,18,KEBU,UG,kebu,2
5,Q2OTHER,18,KEBU.,UG,kebu.,1
5,Q2OTHER,6,KENYAN,KE,kenyan,2
5,Q2OTHER,26,KEYKA,CM,keyka,1
5,Q2OTHER,14,KHANA,NG,khana,2
5,Q2OTHER,17,KIARUSHA,TZ,kiarusha,8
5,Q2OTHER,17,KIBENA,TZ,kibena,35
5,Q2OTHER,17,KIBENDE,TZ,kibende,1
5,Q2OTHER,17,KIBONDEI,TZ,kibondei,3
5,Q2OTHER,17,KIBUNGA,TZ,kibunga,1
5,Q2OTHER,17,KIBUNGU,TZ,kibungu,1
5,Q2OTHER,17,KIDOE,TZ,kidoe,7
5,Q2OTHER,17,KIFIPA,TZ,kifipa,1
5,Q2OTHER,17,KIGINDO,TZ,kigindo,1
5,Q2OTHER,17,KIGUNYA,TZ,kigunya,1
5,Q2OTHER,17,KIGWENO,TZ,kigweno,1
5,Q2OTHER,17,KIHA,TZ,kiha,114
5,Q2OTHER,17,KIHANGAZA,TZ,kihangaza,34
5,Q2OTHER,17,KIIKIZU,TZ,kiikizu,3
5,Q2OTHER,17,KIIRAQ,TZ,kiiraq,59
5,Q2OTHER,17,KIJALUO,TZ,kijaluo,7
5,Q2OTHER,17,KIJITA,TZ,kijita,43
5,Q2OTHER,17,KIKAGULU,TZ,kikagulu,1
5,Q2OTHER,17,KIKAGURU,TZ,kikaguru,1
5,Q2OTHER,17,KIKAHE,TZ,kikahe,1
5,Q2OTHER,17,KIKALA,TZ,kikala,1
5,Q2OTHER,17,KIKAMBA,TZ,kikamba,1
5,Q2OTHER,17,KIKEREWE,TZ,kikerewe,11
5,Q2OTHER,17,KIKIIZU,TZ,kikiizu,1
5,Q2OTHER,17,KIKINGA,TZ,kikinga,11
5,Q2OTHER,17,KIKISI,TZ,kikisi,1
5,Q2OTHER,17,KIKUTU,TZ,kikutu,1
5,Q2OTHER,17,KIKWAYA,TZ,kikwaya,15
5,Q2OTHER,17,KILONGO,TZ,kilongo,1
5,Q2OTHER,17,KILURI,TZ,kiluri,2
5,Q2OTHER,17,KIMAKUA,TZ,kimakua,28
5,Q2OTHER,17,KIMAKUNDUCHI,TZ,kimakunduchi,3
5,Q2OTHER,17,KIMALILA,TZ,kimalila,2
5,Q2OTHER,17,KIMAMBWE,TZ,kimambwe,1
5,Q2OTHER,17,KIMANDA,TZ,kimanda,2
5,Q2OTHER,17,KIMATENGO,TZ,kimatengo,3
5,Q2OTHER,17,KIMATUMBI,TZ,kimatumbi,4
5,Q2OTHER,17,KIMBULU,TZ,kimbulu,8
5,Q2OTHER,17,KIMDALE,TZ,kimdale,1
5,Q2OTHER,12,KIMUANI,MZ,kimuani,12
5,Q2OTHER,17,KIMUWANJI,TZ,kimuwanji,1
5,Q2OTHER,17,KIMWERA,TZ,kimwera,35
5,Q2OTHER,17,KINATA,TZ,kinata,1
5,Q2OTHER,17,KINDALI,TZ,kindali,9
5,Q2OTHER,17,KINDAMBA,TZ,kindamba,6
5,Q2OTHER,17,KINDENDEULE,TZ,kindendeule,18
5,Q2OTHER,17,KINDENGEREKO,TZ,kindengereko,15
5,Q2OTHER,17,KINGINDO,TZ,kingindo,21
5,Q2OTHER,17,KINGUU,TZ,kinguu,15
5,Q2OTHER,17,KINYAGATWA,TZ,kinyagatwa,1
5,Q2OTHER,17,KINYAMBO,TZ,kinyambo,15
5,Q2OTHER,18,KINYAMULENGE,UG,kinyamulenge,1
5,Q2OTHER,17,KINYAMWANGA,TZ,kinyamwanga,8
5,Q2OTHER,17,KINYAMWEZI,TZ,kinyamwezi,1
5,Q2OTHER,17,KINYASA,TZ,kinyasa,3
5,Q2OTHER,17,KINYATURU,TZ,kinyaturu,1
5,Q2OTHER,17,KINYIHA,TZ,kinyiha,17
5,Q2OTHER,17,KIPAGEBI,TZ,kipagebi,1
5,Q2OTHER,17,KIPANGWA,TZ,kipangwa,6
5,Q2OTHER,17,KIPEMBA,TZ,kipemba,1
5,Q2OTHER,17,KIPIMBWE,TZ,kipimbwe,2
5,Q2OTHER,17,KIPOGORO,TZ,kipogoro,10
5,Q2OTHER,17,KIRANGI,TZ,kirangi,9
5,Q2OTHER,6,KIRINYAGA,KE,kirinyaga,2
5,Q2OTHER,17,KIRUFIJI,TZ,kirufiji,1
5,Q2OTHER,17,KISAFWA,TZ,kisafwa,21
5,Q2OTHER,17,KISAGALA,TZ,kisagala,4
5,Q2OTHER,17,KISAMBAA,TZ,kisambaa,40
5,Q2OTHER,17,KISANDAWE,TZ,kisandawe,3
5,Q2OTHER,17,KISANGU,TZ,kisangu,8
5,Q2OTHER,17,KISANZU,TZ,kisanzu,1
5,Q2OTHER,17,KISHIRAZI,TZ,kishirazi,1
5,Q2OTHER,17,KISIMBITI,TZ,kisimbiti,10
5,Q2OTHER,17,KISUBI,TZ,kisubi,12
5,Q2OTHER,17,KISUMBWA,TZ,kisumbwa,8
5,Q2OTHER,17,KISUNVA,TZ,kisunva,1
5,Q2OTHER,17,KISWAHILI,TZ,kiswahili,1
5,Q2OTHER,17,KITATUU,TZ,kitatuu,1
5,Q2OTHER,17,KITONGWE,TZ,kitongwe,7
5,Q2OTHER,17,KITUMBATU,TZ,kitumbatu,1
5,Q2OTHER,17,KITUWAN,TZ,kituwan,1
5,Q2OTHER,17,KIUWANJI,TZ,kiuwanji,1
5,Q2OTHER,17,KIYAO,TZ,kiyao,58
5,Q2OTHER,17,KIYUSI,TZ,kiyusi,1
5,Q2OTHER,17,KIZANAKI,TZ,kizanaki,4
5,Q2OTHER,17,KIZARAMO,TZ,kizaramo,50
5,Q2OTHER,17,KIZIGUA,TZ,kizigua,76
5,Q2OTHER,17,KIZINZA,TZ,kizinza,17
5,Q2OTHER,26,KLUM,CM,klum,1
5,Q2OTHER,26,KOM,CM,kom,3
5,Q2OTHER,24,KOMKOMBA,TG,komkomba,11
5,Q2OTHER,5,KONKOMBA,GH,konkomba,48
5,Q2OTHER,24,KONKOMBA,TG,konkomba,2
5,Q2OTHER,14,KORO,NG,koro,4
5,Q2OTHER,27,KORO,CI,koro,4
5,Q2OTHER,26,KOSHIN,CM,koshin,1
5,Q2OTHER,1,KOTOCOLI,BJ,kotocoli,1
5,Q2OTHER,5,KOTOKOLI,GH,kotokoli,7
5,Q2OTHER,24,KOULOUMI,TG,kouloumi,1
5,Q2OTHER,1,KOURA,BJ,koura,2
5,Q2OTHER,28,KOURANKO,GN,kouranko,8
5,Q2OTHER,24,KOUSSOUNTOU,TG,koussountou,5
5,Q2OTHER,27,KOUYA,CI,kouya,2
5,Q2OTHER,27,KOUZIE,CI,kouzie,7
5,Q2OTHER,27,KOYAKA,CI,koyaka,9
5,Q2OTHER,24,KPESSI,TG,kpessi,1
5,Q2OTHER,5,KRACHI,GH,krachi,1
5,Q2OTHER,5,KROBO,GH,krobo,2
5,Q2OTHER,18,KUMAM,UG,kumam,6
5,Q2OTHER,14,KURAMA,NG,kurama,1
5,Q2OTHER,6,KURIA,KE,kuria,16
5,Q2OTHER,5,KUSAASI,GH,kusaasi,25
5,Q2OTHER,5,KUSAL,GH,kusal,27
5,Q2OTHER,14,KUTEB,NG,kuteb,3
5,Q2OTHER,26,LAKA,CM,laka,1
5,Q2OTHER,5,LAKPAKAW,GH,lakpakaw,1
5,Q2OTHER,28,LANDOUMA,GN,landouma,15
5,Q2OTHER,26,LEBIALEM,CM,lebialem,2
5,Q2OTHER,26,LELE,CM,lele,2
5,Q2OTHER,26,LEMANDE,CM,lemande,2
5,Q2OTHER,18,LENDU,UG,lendu,1
5,Q2OTHER,26,LIMBUM,CM,limbum,3
5,Q2OTHER,26,LIMBUN,CM,limbun,1
5,Q2OTHER,12,LOLO,MZ,lolo,3
5,Q2OTHER,12,LOMWE,MZ,lomwe,108
5,Q2OTHER,19,LUBA,ZM,luba,1
5,Q2OTHER,18,LUBUKUSU,UG,lubukusu,1
5,Q2OTHER,19,LUCHAZI,ZM,luchazi,1
5,Q2OTHER,18,LUFUBILA,UG,lufubila,1
5,Q2OTHER,18,LUFUMBIRA,UG,lufumbira,1
5,Q2OTHER,18,LUGISU,UG,lugisu,3
5,Q2OTHER,18,LUGWERE,UG,lugwere,1
5,Q2OTHER,18,LUKENE,UG,lukene,2
5,Q2OTHER,18,LUKUKU,UG,lukuku,1
5,Q2OTHER,18,LULAMOGI,UG,lulamogi,3
5,Q2OTHER,18,LULULI,UG,lululi,2
5,Q2OTHER,12,LUMWE,MZ,lumwe,1
5,Q2OTHER,18,LUNYARWANDA,UG,lunyarwanda,4
5,Q2OTHER,18,LURULI,UG,luruli,1
5,Q2OTHER,18,LURUNDI,UG,lurundi,1
5,Q2OTHER,18,LUSUDAN,UG,lusudan,1
5,Q2OTHER,18,LUSUDANI,UG,lusudani,1
5,Q2OTHER,26,LUTU,CM,lutu,1
5,Q2OTHER,18,LWAMBA,UG,lwamba,1
5,Q2OTHER,14,MADA,NG,mada,5
5,Q2OTHER,26,MADA,CM,mada,3
5,Q2OTHER,14,MAGU,NG,magu,1
5,Q2OTHER,27,MAHOUKA,CI,mahouka,7
5,Q2OTHER,26,MALIMBA,CM,malimba,1
5,Q2OTHER,26,MAMBILA,CM,mambila,1
5,Q2OTHER,5,MAMPRULI,GH,mampruli,25
5,Q2OTHER,26,MANDARA,CM,mandara,3
5,Q2OTHER,26,MANDOUA,CM,mandoua,1
5,Q2OTHER,26,MANGUISSA,CM,manguissa,1
5,Q2OTHER,12,MANHAWA,MZ,manhawa,11
5,Q2OTHER,15,MANKAGNE,SN,mankagne,1
5,Q2OTHER,6,MARACHI,KE,marachi,2
5,Q2OTHER,14,MARGI,NG,margi,2
5,Q2OTHER,20,MAUNGWE,ZW,maungwe,7
5,Q2OTHER,15,MAURE,SN,maure,2
5,Q2OTHER,27,MBATTO,CI,mbatto,8
5,Q2OTHER,6,MBEERE,KE,mbeere,10
5,Q2OTHER,26,MBEM,CM,mbem,1
5,Q2OTHER,26,MBO,CM,mbo,4
5,Q2OTHER,26,MBU,CM,mbu,1
5,Q2OTHER,14,MBUBE,NG,mbube,1
5,Q2OTHER,26,MEDOUMBA,CM,medoumba,7
5,Q2OTHER,26,MEFEWELE,CM,mefewele,1
5,Q2OTHER,26,MEKAF,CM,mekaf,1
5,Q2OTHER,26,MENDAKWE,CM,mendakwe,4
5,Q2OTHER,26,MENKA,CM,menka,1
5,Q2OTHER,26,MESAGIE,CM,mesagie,1
5,Q2OTHER,26,META,CM,meta,4
5,Q2OTHER,26,METU,CM,metu,1
5,Q2OTHER,26,MEZIME,CM,mezime,1
5,Q2OTHER,14,MICHIKA,NG,michika,2
5,Q2OTHER,14,MIGILI,NG,migili,8
5,Q2OTHER,28,MIGUIFORET,GN,miguiforet,1
5,Q2OTHER,3,MIONGA,BF,mionga,1
5,Q2OTHER,14,MIYAWA,NG,miyawa,1
5,Q2OTHER,20,MLEMBA,ZW,mlemba,1
5,Q2OTHER,26,MOCKBIE,CM,mockbie,1
5,Q2OTHER,2,MOKAA,BW,mokaa,1
5,Q2OTHER,5,MOSHIE,GH,moshie,9
5,Q2OTHER,24,MOSSI,TG,mossi,2
5,Q2OTHER,26,MOUSGOUM,CM,mousgoum,4
5,Q2OTHER,26,MOZEUILLE,CM,mozeuille,1
5,Q2OTHER,26,MPONGO,CM,mpongo,1
5,Q2OTHER,18,MUBWISI,UG,mubwisi,1
5,Q2OTHER,18,MUFUMBIRA,UG,mufumbira,3
5,Q2OTHER,18,MUGISHU,UG,mugishu,1
5,Q2OTHER,18,MUGUNGU,UG,mugungu,1
5,Q2OTHER,20,MUHERA,ZW,muhera,1
5,Q2OTHER,19,MULAMBYA,ZM,mulambya,1
5,Q2OTHER,18,MULULI,UG,mululi,3
5,Q2OTHER,18,MULUNDI,UG,mulundi,1
5,Q2OTHER,19,MUMBA,ZM,mumba,1
5,Q2OTHER,14,MUMUYE,NG,mumuye,4
5,Q2OTHER,26,MUNDANI,CM,mundani,1
5,Q2OTHER,18,MUNYARWANDA,UG,munyarwanda,1
5,Q2OTHER,14,MUPUN,NG,mupun,1
5,Q2OTHER,18,MURULI,UG,muruli,1
5,Q2OTHER,18,MUSUNGORA,UG,musungora,1
5,Q2OTHER,18,MUTAGWENDA,UG,mutagwenda,1
5,Q2OTHER,18,MUTGWENDA,UG,mutgwenda,1
5,Q2OTHER,14,MWAGHAVUL,NG,mwaghavul,3
5,Q2OTHER,18,MWAMBA,UG,mwamba,1
5,Q2OTHER,5,NABDAM,GH,nabdam,7
5,Q2OTHER,28,NALLOU,GN,nallou,1
5,Q2OTHER,20,NAMBIYA,ZW,nambiya,11
5,Q2OTHER,5,NANUMBA,GH,nanumba,1
5,Q2OTHER,1,NATIMBA,BJ,natimba,1
5,Q2OTHER,5,NAWURT,GH,nawurt,1
5,Q2OTHER,14,NBULA,NG,nbula,1
5,Q2OTHER,26,NCHANG,CM,nchang,1
5,Q2OTHER,19,NDEBELE,ZM,ndebele,1
5,Q2OTHER,26,NDI,CM,ndi,1
5,Q2OTHER,27,NEYO,CI,neyo,1
5,Q2OTHER,24,NGAM-GAM,TG,ngam-gam,12
5,Q2OTHER,14,NGAS,NG,ngas,3
5,Q2OTHER,26,NGEMBA,CM,ngemba,3
5,Q2OTHER,26,NGI,CM,ngi,3
5,Q2OTHER,26,NGOA,CM,ngoa,1
5,Q2OTHER,26,NGOBALE,CM,ngobale,1
5,Q2OTHER,26,NGWOH,CM,ngwoh,1
5,Q2OTHER,12,NHARINGA,MZ,nharinga,1
5,Q2OTHER,14,NIGILI,NG,nigili,1
5,Q2OTHER,14,NINGAWA,NG,ningawa,1
5,Q2OTHER,26,NKAMBE,CM,nkambe,1
5,Q2OTHER,5,NKURA,GH,nkura,2
5,Q2OTHER,26,NLIMBOM,CM,nlimbom,1
5,Q2OTHER,14,NORTH IVIE,NG,north ivie,1
5,Q2OTHER,12,NSENGA,MZ,nsenga,2
5,Q2OTHER,26,NTEM,CM,ntem,2
5,Q2OTHER,26,NTENAKO,CM,ntenako,1
5,Q2OTHER,6,NUBIAN,KE,nubian,1
5,Q2OTHER,5,NUSU,GH,nusu,1
5,Q2OTHER,26,NWEH,CM,nweh,2
5,Q2OTHER,20,NYANJA,ZW,nyanja,1
5,Q2OTHER,20,NYASALAND,ZW,nyasaland,1
5,Q2OTHER,13,NYEMBA,NA,nyemba,2
5,Q2OTHER,26,NYOKON,CM,nyokon,1
5,Q2OTHER,5,NZEMA,GH,nzema,2
5,Q2OTHER,26,NZIME,CM,nzime,2
5,Q2OTHER,26,OBANG,CM,obang,1
5,Q2OTHER,14,OGOJA,NG,ogoja,2
5,Q2OTHER,14,OHAFIA,NG,ohafia,5
5,Q2OTHER,18,OKEBU,UG,okebu,1
5,Q2OTHER,14,OKPE,NG,okpe,3
5,Q2OTHER,14,OKPELLA,NG,okpella,11
5,Q2OTHER,14,OKRIKA,NG,okrika,21
5,Q2OTHER,26,OKU,CM,oku,5
5,Q2OTHER,14,OLUKUMI,NG,olukumi,1
5,Q2OTHER,18,OMBACH,UG,ombach,1
5,Q2OTHER,14,ONCE,NG,once,1
5,Q2OTHER,26,OROKO,CM,oroko,2
5,Q2OTHER,6,OROMA,KE,oroma,7
5,Q2OTHER,26,OSHE,CM,oshe,1
5,Q2OTHER,14,OSOSO,NG,ososo,1
5,Q2OTHER,2,PARAKARUNGU,BW,parakarungu,1
5,Q2OTHER,15,PEPELE,SN,pepele,1
5,Q2OTHER,24,PEUL,TG,peul,2
5,Q2OTHER,26,PEULH,CM,peulh,1
5,Q2OTHER,6,POKOMO,KE,pokomo,6
5,Q2OTHER,15,PORTUGAIS,SN,portugais,1
5,Q2OTHER,6,PUNJABI,KE,punjabi,1
5,Q2OTHER,6,RENDILE,KE,rendile,9
5,Q2OTHER,14,RON,NG,ron,1
5,Q2OTHER,12,RONGA,MZ,ronga,12
5,Q2OTHER,18,RUFUMBIRA,UG,rufumbira,3
5,Q2OTHER,18,RUGISU,UG,rugisu,1
5,Q2OTHER,18,RULULI,UG,rululi,2
5,Q2OTHER,13,RUMBUNDU,NA,rumbundu,1
5,Q2OTHER,18,RUNYARWANDA,UG,runyarwanda,1
5,Q2OTHER,18,RUTAGWENDA,UG,rutagwenda,11
5,Q2OTHER,6,SABAOT,KE,sabaot,8
5,Q2OTHER,3,SAMBLA,BF,sambla,1
5,Q2OTHER,27,SAMORO,CI,samoro,1
5,Q2OTHER,26,SANAGA,CM,sanaga,1
5,Q2OTHER,8,SAPO,LR,sapo,1
5,Q2OTHER,14,SAYAWA,NG,sayawa,7
5,Q2OTHER,2,SEBANDERU,BW,sebanderu,1
5,Q2OTHER,2,SEBOLONGWE,BW,sebolongwe,1
5,Q2OTHER,2,SEKOLONG,BW,sekolong,1
5,Q2OTHER,2,SENANJWA,BW,senanjwa,1
5,Q2OTHER,2,SEPEDI,BW,sepedi,2
5,Q2OTHER,2,SETEBELE,BW,setebele,1
5,Q2OTHER,2,SETLHARO,BW,setlharo,3
5,Q2OTHER,2,SETSWAPONG,BW,setswapong,6
5,Q2OTHER,20,SHANGANI,ZW,shangani,20
5,Q2OTHER,20,SHANGWE,ZW,shangwe,4
5,Q2OTHER,6,SHELSHEL,KE,shelshel,1
5,Q2OTHER,19,SHILA,ZM,shila,1
5,Q2OTHER,13,SHONA,NA,shona,1
5,Q2OTHER,19,SHONA,ZM,shona,3
5,Q2OTHER,14,SHUWA,NG,shuwa,3
5,Q2OTHER,19,SILUCHAZI,ZM,siluchazi,1
5,Q2OTHER,24,SIRKA,TG,sirka,2
5,Q2OTHER,5,SISSALA,GH,sissala,5
5,Q2OTHER,30,SIZULU,SZ,sizulu,3
5,Q2OTHER,27,SOKOUYA,CI,sokouya,3
5,Q2OTHER,24,SOLA,TG,sola,8
5,Q2OTHER,20,SOTHO,ZW,sotho,2
5,Q2OTHER,15,SOUSSOU,SN,soussou,2
5,Q2OTHER,6,SUBA,KE,suba,3
5,Q2OTHER,18,SWAHILI,UG,swahili,1
5,Q2OTHER,19,SWAKA,ZM,swaka,1
5,Q2OTHER,12,TACUANE,MZ,tacuane,14
5,Q2OTHER,27,TAGBANA,CI,tagbana,3
5,Q2OTHER,5,TALENSI,GH,talensi,11
5,Q2OTHER,31,TAMAZIGHT,DZ,tamazight,94
5,Q2OTHER,33,TAMAZIGHT,MA,tamazight,130
5,Q2OTHER,14,TANGALE,NG,tangale,1
5,Q2OTHER,18,TANZANIAN,UG,tanzanian,1
5,Q2OTHER,14,TAROK,NG,tarok,11
5,Q2OTHER,24,TCHAMBA,TG,tchamba,11
5,Q2OTHER,26,TCHANG,CM,tchang,1
5,Q2OTHER,24,TCHOKOSSI,TG,tchokossi,5
5,Q2OTHER,24,TEMBERMA,TG,temberma,3
5,Q2OTHER,27,TENINKA,CI,teninka,1
5,Q2OTHER,6,TESO,KE,teso,24
5,Q2OTHER,6,THARAKA,KE,tharaka,7
5,Q2OTHER,5,TIMBRU,GH,timbru,2
5,Q2OTHER,14,TIV,NG,tiv,1
5,Q2OTHER,28,TOMA MANIA,GN,toma mania,1
5,Q2OTHER,5,TOMBOLON,GH,tombolon,3
5,Q2OTHER,15,TOURKA,SN,tourka,1
5,Q2OTHER,3,TOUSSIAN,BF,toussian,8
5,Q2OTHER,16,TSONGA,ZA,tsonga,1
5,Q2OTHER,30,TSONGA,SZ,tsonga,1
5,Q2OTHER,20,TUMBUKA,ZW,tumbuka,1
5,Q2OTHER,3,TURKA,BF,turka,5
5,Q2OTHER,14,UKWALE,NG,ukwale,1
5,Q2OTHER,14,UKWANI,NG,ukwani,1
5,Q2OTHER,14,UWA,NG,uwa,1
5,Q2OTHER,14,UZEBA,NG,uzeba,2
5,Q2OTHER,20,VHITORI,ZW,vhitori,5
5,Q2OTHER,5,WAALA,GH,waala,5
5,Q2OTHER,1,WAAMA,BJ,waama,2
5,Q2OTHER,26,WANDALA,CM,wandala,2
5,Q2OTHER,5,WANGRA,GH,wangra,1
5,Q2OTHER,6,WARDEI,KE,wardei,1
5,Q2OTHER,24,WATCHI,TG,watchi,7
5,Q2OTHER,26,WEH,CM,weh,1
5,Q2OTHER,26,WIDIKUM,CM,widikum,1
5,Q2OTHER,26,WIMBUM,CM,wimbum,1
5,Q2OTHER,27,WOBE,CI,wobe,18
5,Q2OTHER,28,WOME,GN,wome,1
5,Q2OTHER,26,WOMELA,CM,womela,2
5,Q2OTHER,7,XHOSA,LS,xhosa,1
5,Q2OTHER,20,XHOSA,ZW,xhosa,1
5,Q2OTHER,14,YAKHOR,NG,yakhor,16
5,Q2OTHER,3,YANAN,BF,yanan,3
5,Q2OTHER,12,YAO,MZ,yao,4
5,Q2OTHER,19,YAWA,ZM,yawa,1
5,Q2OTHER,24,YOROUBA,TG,yorouba,2
5,Q2OTHER,14,YOUM,NG,youm,2
5,Q2OTHER,14,ZAMJI,NG,zamji,1
5,Q2OTHER,5,ZAMRAMA,GH,zamrama,1
5,Q2OTHER,13,ZEMBAS,NA,zembas,1
5,Q2OTHER,1,ZERMA,BJ,zerma,1
5,Q2OTHER,27,ZINNINGA,CI,zinninga,1
5,Q2OTHER,26,ZOULGO,CM,zoulgo,1
5,Q2OTHER,30,ZULU,SZ,zulu,1
5,Q2OTHER,14,ZURO,NG,zuro,1
6,Q103OTHER,11,Ada,GH,ada,1
6,Q103OTHER,25,ANGOLAN,ST,angolan,1
6,Q103OTHER,25,ANGULARES,ST,angulares,2
6,Q103OTHER,11,Anyinam,GH,anyinam,1
6,Q103OTHER,11,Bimoba,GH,bimoba,1
6,Q103OTHER,35,bisa,ZM,bisa,2
6,Q103OTHER,21,bitonga,MZ,bitonga,11
6,Q103OTHER,21,Bitonga,MZ,bitonga,2
6,Q103OTHER,21,BITONGA,MZ,bitonga,6
6,Q103OTHER,11,Buzanga,GH,buzanga,1
6,Q103OTHER,25,CABOVERDIANO,ST,caboverdiano,1
6,Q103OTHER,21,chape,MZ,chape,1
6,Q103OTHER,17,Chilambya,MW,chilambya,1
6,Q103OTHER,17,Chinkhonde,MW,chinkhonde,3
6,Q103OTHER,21,CHITEYE,MZ,chiteye,1
6,Q103OTHER,17,Chitonga,MW,chitonga,2
6,Q103OTHER,17,Chiyao,MW,chiyao,4
6,Q103OTHER,21,CHONA,MZ,chona,2
6,Q103OTHER,21,chongo,MZ,chongo,1
6,Q103OTHER,21,chope,MZ,chope,4
6,Q103OTHER,21,Chope,MZ,chope,2
6,Q103OTHER,21,CHOPE,MZ,chope,3
6,Q103OTHER,21,chuabo,MZ,chuabo,1
6,Q103OTHER,21,Chuabo,MZ,chuabo,1
6,Q103OTHER,21,CHUABO,MZ,chuabo,1
6,Q103OTHER,11,Dagaari,GH,dagaari,34
6,Q103OTHER,11,Dagaarti,GH,dagaarti,3
6,Q103OTHER,32,EWE,TG,ewe,4
6,Q103OTHER,25,FORO,ST,foro,12
6,Q103OTHER,25,FORRO,ST,forro,2
6,Q103OTHER,11,Frafra,GH,frafra,4
6,Q103OTHER,12,FRANCAIS,GN,francais,1
6,Q103OTHER,26,FRANCAIS,SN,francais,1
6,Q103OTHER,32,FRANCAIS,TG,francais,5
6,Q103OTHER,12,FRANCAISE,GN,francaise,1
6,Q103OTHER,11,french,GH,french,2
6,Q103OTHER,33,French,TN,french,1
6,Q103OTHER,27,FULLAH,SL,fullah,2
6,Q103OTHER,6,GHEMBA,CM,ghemba,1
6,Q103OTHER,11,Gonja,GH,gonja,6
6,Q103OTHER,11,Gruni,GH,gruni,1
6,Q103OTHER,11,Grushi,GH,grushi,1
6,Q103OTHER,12,GUERZE,GN,guerze,4
6,Q103OTHER,11,Kaakye,GH,kaakye,1
6,Q103OTHER,32,KABYE,TG,kabye,1
6,Q103OTHER,34,KAKWA,UG,kakwa,2
6,Q103OTHER,34,KAPSABINYI,UG,kapsabinyi,1
6,Q103OTHER,28,KHOISAN,ZA,khoisan,1
6,Q103OTHER,27,KISSI,SL,kissi,1
6,Q103OTHER,11,Kokomba,GH,kokomba,3
6,Q103OTHER,6,KOTOKO,CM,kotoko,1
6,Q103OTHER,11,Kotokoli,GH,kotokoli,1
6,Q103OTHER,11,Krobo,GH,krobo,1
6,Q103OTHER,34,KUPSABINYI,UG,kupsabinyi,15
6,Q103OTHER,11,Kusaasi,GH,kusaasi,2
6,Q103OTHER,11,Kusal,GH,kusal,3
6,Q103OTHER,21,Ligote,MZ,ligote,1
6,Q103OTHER,21,LOGOTE,MZ,logote,1
6,Q103OTHER,34,LUGWERE,UG,lugwere,5
6,Q103OTHER,34,LUNYOLE,UG,lunyole,5
6,Q103OTHER,34,LUSAMIA,UG,lusamia,1
6,Q103OTHER,6,MADA,CM,mada,1
6,Q103OTHER,6,MAFA,CM,mafa,1
6,Q103OTHER,11,Mamprusi,GH,mamprusi,3
6,Q103OTHER,21,Manhungue,MZ,manhungue,1
6,Q103OTHER,12,MANO,GN,mano,1
6,Q103OTHER,21,MARONGA,MZ,maronga,1
6,Q103OTHER,26,MAURE,SN,maure,1
6,Q103OTHER,11,Mo,GH,mo,1
6,Q103OTHER,11,Mossi,GH,mossi,1
6,Q103OTHER,6,MOUNDANG,CM,moundang,1
6,Q103OTHER,11,Nankan,GH,nankan,1
6,Q103OTHER,28,Ndebela,ZA,ndebela,1
6,Q103OTHER,34,NGAKARIMAJONG,UG,ngakarimajong,65
6,Q103OTHER,21,nhungue,MZ,nhungue,1
6,Q103OTHER,35,nsenga,ZM,nsenga,5
6,Q103OTHER,21,OUTRA LINGUA,MZ,outra lingua,1
6,Q103OTHER,21,outras linguas,MZ,outras linguas,1
6,Q103OTHER,28,PEDI,ZA,pedi,2
6,Q103OTHER,21,poetugues e xitsua,MZ,poetugues e xitsua,1
6,Q103OTHER,21,PORTUGUES E OUTRAS LINGUAS,MZ,portugues e outras linguas,1
6,Q103OTHER,21,PORTUGUES E SENA,MZ,portugues e sena,1
6,Q103OTHER,34,RUFUMBIRA,UG,rufumbira,5
6,Q103OTHER,34,RUNYARWANDA,UG,runyarwanda,3
6,Q103OTHER,21,SENA,MZ,sena,2
6,Q103OTHER,21,SENA E PORTUGUES,MZ,sena e portugues,1
6,Q103OTHER,26,SERERE,SN,serere,2
6,Q103OTHER,28,Setsonga,ZA,setsonga,1
6,Q103OTHER,11,Sissala,GH,sissala,3
6,Q103OTHER,28,Siswati,ZA,siswati,2
6,Q103OTHER,28,SISWATI,ZA,siswati,1
6,Q103OTHER,28,SISWAZI,ZA,siswazi,1
6,Q103OTHER,12,SOUSSOU,GN,soussou,1
6,Q103OTHER,28,swazi,ZA,swazi,4
6,Q103OTHER,28,Swazi,ZA,swazi,2
6,Q103OTHER,28,SWAZI,ZA,swazi,6
6,Q103OTHER,20,Tamazight,MA,tamazight,1
6,Q103OTHER,21,tewe,MZ,tewe,1
6,Q103OTHER,12,TOMA,GN,toma,6
6,Q103OTHER,28,Tsonga,ZA,tsonga,1
6,Q103OTHER,28,TSONGA,ZA,tsonga,1
6,Q103OTHER,35,tumbka,ZM,tumbka,2
6,Q103OTHER,11,Waala,GH,waala,10
6,Q103OTHER,11,Wangara,GH,wangara,1
6,Q103OTHER,11,Wulisa,GH,wulisa,1
6,Q103OTHER,28,Xitsonga,ZA,xitsonga,1
6,Q103OTHER,21,xitsua,MZ,xitsua,10
6,Q103OTHER,21,Xitsua,MZ,xitsua,1
6,Q103OTHER,21,XITSUA,MZ,xitsua,5
6,Q103OTHER,21,xitswa,MZ,xitswa,1
6,Q103OTHER,21,XITSWA,MZ,xitswa,1
6,Q103OTHER,28,XTSONGA,ZA,xtsonga,2
6,Q103OTHER,30,Zulu,SZ,zulu,1
6,Q116OTHER,6,BAFOUSSAM,CM,bafoussam,46
6,Q116OTHER,12,BAGA,GN,baga,1
6,Q116OTHER,24,BAJJU,NG,bajju,10
6,Q116OTHER,6,BAMILEKE,CM,bamileke,46
6,Q116OTHER,24,BANDAWA,NG,bandawa,31
6,Q116OTHER,6,BASSA,CM,bassa,103
6,Q116OTHER,6,BENE,CM,bene,48
6,Q116OTHER,24,BIROM,NG,birom,8
6,Q116OTHER,24,BUJJA,NG,bujja,10
6,Q116OTHER,24,BUJU,NG,buju,10
6,Q116OTHER,24,CHAMAWA,NG,chamawa,14
6,Q116OTHER,11,Dagaare,GH,dagaare,32
6,Q116OTHER,24,EGGON,NG,eggon,8
6,Q116OTHER,6,ETON,CM,eton,142
6,Q116OTHER,24,ETSAKO,NG,etsako,2
6,Q116OTHER,24,GBAGYI,NG,gbagyi,10
6,Q116OTHER,11,Gonja,GH,gonja,108
6,Q116OTHER,24,GWANDARA,NG,gwandara,8
6,Q116OTHER,24,IGEDE,NG,igede,16
6,Q116OTHER,24,KABBA,NG,kabba,23
6,Q116OTHER,24,KABBA/BUNU,NG,kabba/bunu,20
6,Q116OTHER,24,KALABARI,NG,kalabari,45
6,Q116OTHER,11,Kasem,GH,kasem,58
6,Q116OTHER,31,KIHA,TZ,kiha,92
6,Q116OTHER,31,KIJALUO,TZ,kijaluo,98
6,Q116OTHER,31,KIKINGA,TZ,kikinga,102
6,Q116OTHER,31,KINDAMBA,TZ,kindamba,101
6,Q116OTHER,31,KIRURI,TZ,kiruri,98
6,Q116OTHER,31,KIZANAKI,TZ,kizanaki,1
6,Q116OTHER,11,Kokomba,GH,kokomba,81
6,Q116OTHER,11,Kotokoli,GH,kotokoli,57
6,Q116OTHER,24,LEMORO,NG,lemoro,12
6,Q116OTHER,11,Likpakpaln,GH,likpakpaln,54
6,Q116OTHER,24,MAGHAI,NG,maghai,24
6,Q116OTHER,26,MAURE,SN,maure,64
6,Q116OTHER,6,MBO,CM,mbo,101
6,Q116OTHER,11,Moshie,GH,moshie,24
6,Q116OTHER,6,MOUNDANG,CM,moundang,46
6,Q116OTHER,24,MUMUYE,NG,mumuye,28
6,Q116OTHER,24,MWAGHAVUL,NG,mwaghavul,14
6,Q116OTHER,21,MYUNGUE,MZ,myungue,1
6,Q116OTHER,24,NDOLA,NG,ndola,22
6,Q116OTHER,24,NGAS,NG,ngas,26
6,Q116OTHER,21,Ngungue,MZ,ngungue,2
6,Q116OTHER,21,NGUNGUE,MZ,ngungue,1
6,Q116OTHER,21,NHUMGUE,MZ,nhumgue,1
6,Q116OTHER,21,nhungue,MZ,nhungue,24
6,Q116OTHER,21,nHUNGUE,MZ,nhungue,1
6,Q116OTHER,21,Nhungue,MZ,nhungue,13
6,Q116OTHER,21,NHUNGuE,MZ,nhungue,1
6,Q116OTHER,21,NHUNGUE,MZ,nhungue,19
6,Q116OTHER,21,nhunguem,MZ,nhunguem,1
6,Q116OTHER,21,NHUNGWE,MZ,nhungwe,1
6,Q116OTHER,21,njumgue,MZ,njumgue,1
6,Q116OTHER,21,njungue,MZ,njungue,1
6,Q116OTHER,21,njungur,MZ,njungur,1
6,Q116OTHER,6,NKWEN,CM,nkwen,50
6,Q116OTHER,6,NTOUMOU,CM,ntoumou,48
6,Q116OTHER,21,nyhungue,MZ,nyhungue,1
6,Q116OTHER,21,NYUGUE,MZ,nyugue,1
6,Q116OTHER,21,Nyunge,MZ,nyunge,1
6,Q116OTHER,21,nyungue,MZ,nyungue,35
6,Q116OTHER,21,Nyungue,MZ,nyungue,37
6,Q116OTHER,21,NYUNGUE,MZ,nyungue,65
6,Q116OTHER,21,NYUNGWE,MZ,nyungwe,1
6,Q116OTHER,21,nyyngue,MZ,nyyngue,1
6,Q116OTHER,28,PORTUGUESE,ZA,portuguese,47
6,Q116OTHER,11,Sisaala,GH,sisaala,16
6,Q116OTHER,8,TOUR,CI,tour,50
6,Q116OTHER,24,TUKUN,NG,tukun,8
6,Q116OTHER,24,UMONE,NG,umone,12
6,Q116OTHER,11,Waala,GH,waala,16
6,Q116OTHER,24,ZURU,NG,zuru,26
6,Q2OTHER,8,ABIDJI,CI,abidji,2
6,Q2OTHER,8,ABOURE,CI,aboure,5
6,Q2OTHER,11,Ada,GH,ada,2
6,Q2OTHER,24,ADARA,NG,adara,3
6,Q2OTHER,11,Adele,GH,adele,1
6,Q2OTHER,32,ADELE,TG,adele,9
6,Q2OTHER,6,AGHEM,CM,aghem,5
6,Q2OTHER,11,Ahanta,GH,ahanta,3
6,Q2OTHER,13,Ajuran,KE,ajuran,1
6,Q2OTHER,6,AKOSSE,CM,akosse,1
6,Q2OTHER,11,Akyode,GH,akyode,7
6,Q2OTHER,24,ALAGO,NG,alago,10
6,Q2OTHER,8,ALLADJAN,CI,alladjan,7
6,Q2OTHER,6,AMBELE,CM,ambele,1
6,Q2OTHER,8,ANDOH,CI,andoh,7
6,Q2OTHER,24,ANGAS,NG,angas,1
6,Q2OTHER,24,ANKWE,NG,ankwe,1
6,Q2OTHER,13,Arab,KE,arab,3
6,Q2OTHER,6,ARABE,CM,arabe,4
6,Q2OTHER,6,ASHEM,CM,ashem,2
6,Q2OTHER,6,ASUMB0,CM,asumb0,1
6,Q2OTHER,11,Atweti,GH,atweti,1
6,Q2OTHER,24,AUKWE,NG,aukwe,1
6,Q2OTHER,11,Avatime,GH,avatime,1
6,Q2OTHER,6,babadjon,CM,babadjon,1
6,Q2OTHER,6,BABADJOU,CM,babadjou,1
6,Q2OTHER,24,BACHAMA,NG,bachama,1
6,Q2OTHER,8,BACOUE,CI,bacoue,1
6,Q2OTHER,6,BADJOUE,CM,badjoue,1
6,Q2OTHER,24,BADUKKE,NG,badukke,1
6,Q2OTHER,6,BAFANG,CM,bafang,1
6,Q2OTHER,6,BAFAW,CM,bafaw,1
6,Q2OTHER,6,BAFOUSSAM,CM,bafoussam,2
6,Q2OTHER,12,BAGA,GN,baga,2
6,Q2OTHER,34,BAGUNGU,UG,bagungu,1
6,Q2OTHER,6,Baham,CM,baham,1
6,Q2OTHER,6,BAHAM/BAFOUSSAM,CM,baham/bafoussam,1
6,Q2OTHER,24,BAJJU,NG,bajju,5
6,Q2OTHER,24,BAJU,NG,baju,1
6,Q2OTHER,13,Bajuni,KE,bajuni,1
6,Q2OTHER,6,BAKOSI,CM,bakosi,1
6,Q2OTHER,8,BAKOUE,CI,bakoue,2
6,Q2OTHER,6,BAKWARI,CM,bakwari,1
6,Q2OTHER,6,BAKWERE,CM,bakwere,1
6,Q2OTHER,26,BALANTE,SN,balante,7
6,Q2OTHER,6,BALCWERI,CM,balcweri,1
6,Q2OTHER,6,BALENG,CM,baleng,2
6,Q2OTHER,6,BALENGOU,CM,balengou,1
6,Q2OTHER,6,BALI,CM,bali,1
6,Q2OTHER,6,BALI NYONGA,CM,bali nyonga,1
6,Q2OTHER,6,BALOUNDO,CM,baloundo,1
6,Q2OTHER,34,BALUYA,UG,baluya,1
6,Q2OTHER,6,BAMBELE,CM,bambele,1
6,Q2OTHER,6,BAMENDJING,CM,bamendjing,1
6,Q2OTHER,6,BAMOUGOUM,CM,bamougoum,1
6,Q2OTHER,24,BANBAWA,NG,banbawa,1
6,Q2OTHER,24,BANDAWA,NG,bandawa,1
6,Q2OTHER,6,BANEN,CM,banen,4
6,Q2OTHER,6,BANVELE,CM,banvele,1
6,Q2OTHER,24,BARUBA,NG,baruba,1
6,Q2OTHER,11,Basari,GH,basari,10
6,Q2OTHER,6,BASSO,CM,basso,1
6,Q2OTHER,6,BATA,CM,bata,1
6,Q2OTHER,6,BATANGA,CM,batanga,1
6,Q2OTHER,6,BATCHAM,CM,batcham,1
6,Q2OTHER,6,BATIBO,CM,batibo,1
6,Q2OTHER,11,Batoe,GH,batoe,1
6,Q2OTHER,6,BATON,CM,baton,1
6,Q2OTHER,24,BAWAJE,NG,bawaje,1
6,Q2OTHER,6,BAWAN,CM,bawan,1
6,Q2OTHER,24,BAWARA,NG,bawara,1
6,Q2OTHER,6,BEFANG,CM,befang,4
6,Q2OTHER,6,BELIBONACHI,CM,belibonachi,1
6,Q2OTHER,4,BELLA,BF,bella,3
6,Q2OTHER,6,BENEGUN,CM,benegun,1
6,Q2OTHER,6,BESA,CM,besa,1
6,Q2OTHER,16,betsimisaraka,MG,betsimisaraka,1
6,Q2OTHER,26,BEUDICK,SN,beudick,2
6,Q2OTHER,19,Bhojpuri,MU,bhojpuri,6
6,Q2OTHER,2,BIALI,BJ,biali,1
6,Q2OTHER,11,Bimoba,GH,bimoba,8
6,Q2OTHER,11,Bissa,GH,bissa,16
6,Q2OTHER,36,BOCHA,ZW,bocha,1
6,Q2OTHER,24,BOIYANA,NG,boiyana,1
6,Q2OTHER,11,Bono,GH,bono,1
6,Q2OTHER,13,Borana,KE,borana,11
6,Q2OTHER,29,Brown Amer language,SD,brown amer language,1
6,Q2OTHER,6,BU,CM,bu,1
6,Q2OTHER,6,BUDA,CM,buda,1
6,Q2OTHER,11,Buem,GH,buem,3
6,Q2OTHER,36,BUJA,ZW,buja,15
6,Q2OTHER,11,Buli,GH,buli,18
6,Q2OTHER,6,BULU,CM,bulu,2
6,Q2OTHER,24,BUSSA,NG,bussa,1
6,Q2OTHER,21,chaewa,MZ,chaewa,1
6,Q2OTHER,11,Chamba,GH,chamba,4
6,Q2OTHER,21,CHENA,MZ,chena,1
6,Q2OTHER,21,CHEUA,MZ,cheua,1
6,Q2OTHER,21,chewa,MZ,chewa,8
6,Q2OTHER,21,Chewa,MZ,chewa,13
6,Q2OTHER,21,CHEWA,MZ,chewa,5
6,Q2OTHER,36,CHEWA,ZW,chewa,6
6,Q2OTHER,21,chewe,MZ,chewe,3
6,Q2OTHER,21,Chewe,MZ,chewe,3
6,Q2OTHER,21,CHEWE,MZ,chewe,1
6,Q2OTHER,35,chikunda,ZM,chikunda,1
6,Q2OTHER,17,Chimambwe,MW,chimambwe,2
6,Q2OTHER,17,Chindali,MW,chindali,8
6,Q2OTHER,17,Chinyakyusa,MW,chinyakyusa,1
6,Q2OTHER,17,Chinyanja,MW,chinyanja,1
6,Q2OTHER,17,Chinyika,MW,chinyika,1
6,Q2OTHER,17,Chinyungwe,MW,chinyungwe,2
6,Q2OTHER,17,Chiswahili,MW,chiswahili,1
6,Q2OTHER,21,Chitcheiwa,MZ,chitcheiwa,1
6,Q2OTHER,21,chitewe,MZ,chitewe,1
6,Q2OTHER,21,CHITEWE,MZ,chitewe,1
6,Q2OTHER,21,Chiteye,MZ,chiteye,1
6,Q2OTHER,36,CHITOKO,ZW,chitoko,5
6,Q2OTHER,21,Chitsua,MZ,chitsua,1
6,Q2OTHER,21,chitxua,MZ,chitxua,1
6,Q2OTHER,21,CHITXUA,MZ,chitxua,1
6,Q2OTHER,17,Chiwandya,MW,chiwandya,1
6,Q2OTHER,35,chiyamba,ZM,chiyamba,1
6,Q2OTHER,21,Chona,MZ,chona,1
6,Q2OTHER,21,CHONA,MZ,chona,6
6,Q2OTHER,6,CHOUA,CM,choua,1
6,Q2OTHER,11,Chukusi,GH,chukusi,2
6,Q2OTHER,21,Chutcua,MZ,chutcua,1
6,Q2OTHER,26,CREOL,SN,creol,1
6,Q2OTHER,6,DABA,CM,daba,2
6,Q2OTHER,24,DADOR,NG,dador,1
6,Q2OTHER,4,DAFING,BF,dafing,6
6,Q2OTHER,11,Dagaari,GH,dagaari,74
6,Q2OTHER,24,DAKARKARI,NG,dakarkari,1
6,Q2OTHER,6,DBO,CM,dbo,1
6,Q2OTHER,11,Deg-(Moo),GH,deg-(moo),1
6,Q2OTHER,24,DEGEMA,NG,degema,14
6,Q2OTHER,18,DIAKA,ML,diaka,1
6,Q2OTHER,12,DIAKANKE,GN,diakanke,2
6,Q2OTHER,26,DIAKHANKE,SN,diakhanke,1
6,Q2OTHER,13,Digo,KE,digo,1
6,Q2OTHER,4,DJERMA,BF,djerma,1
6,Q2OTHER,8,DJIMINI,CI,djimini,17
6,Q2OTHER,4,DOCCES,BF,docces,2
6,Q2OTHER,4,DOGON,BF,dogon,7
6,Q2OTHER,4,DOGONS,BF,dogons,1
6,Q2OTHER,4,DOGOSE,BF,dogose,3
6,Q2OTHER,11,Dolimuu,GH,dolimuu,3
6,Q2OTHER,4,DONSIN,BF,donsin,1
6,Q2OTHER,6,DOUROU,CM,dourou,2
6,Q2OTHER,6,DSCHANG,CM,dschang,1
6,Q2OTHER,36,DUMBE,ZW,dumbe,1
6,Q2OTHER,13,Duruma,KE,duruma,4
6,Q2OTHER,8,EBRIE,CI,ebrie,5
6,Q2OTHER,6,EDJAGHAM,CM,edjagham,1
6,Q2OTHER,8,EGA,CI,ega,5
6,Q2OTHER,24,EGGON,NG,eggon,16
6,Q2OTHER,24,EGI,NG,egi,1
6,Q2OTHER,6,EJAGHAM,CM,ejagham,1
6,Q2OTHER,6,EJAKA,CM,ejaka,1
6,Q2OTHER,6,EJAKAM,CM,ejakam,1
6,Q2OTHER,21,EKOTE,MZ,ekote,2
6,Q2OTHER,6,ELAM EGUO,CM,elam eguo,1
6,Q2OTHER,6,ELAM EQU0,CM,elam equ0,1
6,Q2OTHER,6,ELAM EQUO,CM,elam equo,3
6,Q2OTHER,24,ELEME,NG,eleme,4
6,Q2OTHER,6,ESIMBI,CM,esimbi,7
6,Q2OTHER,6,ESSIMBI,CM,essimbi,1
6,Q2OTHER,6,ETENGA,CM,etenga,1
6,Q2OTHER,6,ETON,CM,eton,1
6,Q2OTHER,11,Ewe and Fante,GH,ewe and fante,1
6,Q2OTHER,6,EWODI,CM,ewodi,1
6,Q2OTHER,24,FAKAMA,NG,fakama,1
6,Q2OTHER,24,FAKAWA,NG,fakawa,1
6,Q2OTHER,24,FALI,NG,fali,2
6,Q2OTHER,24,FALIYA,NG,faliya,1
6,Q2OTHER,6,FANG,CM,fang,1
6,Q2OTHER,24,FEMAWA,NG,femawa,1
6,Q2OTHER,4,FORGERON (NOUMOU),BF,forgeron (noumou),1
6,Q2OTHER,11,Frafra,GH,frafra,36
6,Q2OTHER,6,FULAMI,CM,fulami,1
6,Q2OTHER,6,FULANE,CM,fulane,1
6,Q2OTHER,6,GABSIKI,CM,gabsiki,1
6,Q2OTHER,8,GAGOU,CI,gagou,1
6,Q2OTHER,8,GAIN,CI,gain,1
6,Q2OTHER,13,Garre,KE,garre,12
6,Q2OTHER,11,Gawu,GH,gawu,1
6,Q2OTHER,24,GBAGI,NG,gbagi,2
6,Q2OTHER,11,Gekyode,GH,gekyode,1
6,Q2OTHER,6,GHEMBA,CM,ghemba,2
6,Q2OTHER,13,Giriama,KE,giriama,3
6,Q2OTHER,8,GNANBOUA,CI,gnanboua,10
6,Q2OTHER,8,GNIDEBOUA,CI,gnideboua,1
6,Q2OTHER,24,GOMU,NG,gomu,1
6,Q2OTHER,11,Gonja,GH,gonja,46
6,Q2OTHER,11,Gruma,GH,gruma,12
6,Q2OTHER,11,Grushie,GH,grushie,4
6,Q2OTHER,11,Guan,GH,guan,1
6,Q2OTHER,12,GUERZE,GN,guerze,13
6,Q2OTHER,13,Gujarati,KE,gujarati,2
6,Q2OTHER,12,GURERZE,GN,gurerze,1
6,Q2OTHER,11,Guruni,GH,guruni,4
6,Q2OTHER,24,GWANDARA,NG,gwandara,1
6,Q2OTHER,24,GWARI,NG,gwari,3
6,Q2OTHER,24,GWONG,NG,gwong,2
6,Q2OTHER,2,HAOUSSA,BJ,haoussa,2
6,Q2OTHER,10,HAOUSSA,GA,haoussa,1
6,Q2OTHER,23,HAOUSSA,NE,haoussa,1
6,Q2OTHER,6,IBO,CM,ibo,1
6,Q2OTHER,24,ICHEN,NG,ichen,1
6,Q2OTHER,30,Indian,SZ,indian,1
6,Q2OTHER,30,Isizulu,SZ,isizulu,1
6,Q2OTHER,6,ISU,CM,isu,1
6,Q2OTHER,28,Ithopiwa,ZA,ithopiwa,1
6,Q2OTHER,24,IYALA,NG,iyala,1
6,Q2OTHER,24,JABA,NG,jaba,3
6,Q2OTHER,24,JARAWA,NG,jarawa,3
6,Q2OTHER,24,JENJO,NG,jenjo,4
6,Q2OTHER,24,JUKUM,NG,jukum,1
6,Q2OTHER,24,JUKUN,NG,jukun,18
6,Q2OTHER,24,JUKUN WANU,NG,jukun wanu,2
6,Q2OTHER,11,Kaakye,GH,kaakye,1
6,Q2OTHER,24,KAGARA,NG,kagara,1
6,Q2OTHER,24,KAGOMA,NG,kagoma,14
6,Q2OTHER,24,KAGORO,NG,kagoro,1
6,Q2OTHER,24,KAIKA,NG,kaika,3
6,Q2OTHER,24,KAKA,NG,kaka,2
6,Q2OTHER,24,KAKABARI,NG,kakabari,3
6,Q2OTHER,34,KAKWA,UG,kakwa,5
6,Q2OTHER,24,KALABARI,NG,kalabari,9
6,Q2OTHER,4,KARABORO,BF,karaboro,1
6,Q2OTHER,11,Kasari,GH,kasari,1
6,Q2OTHER,11,Kasem,GH,kasem,9
6,Q2OTHER,24,KATAF,NG,kataf,1
6,Q2OTHER,24,KATONGU,NG,katongu,1
6,Q2OTHER,28,KHOI,ZA,khoi,2
6,Q2OTHER,28,KHOIS,ZA,khois,1
6,Q2OTHER,28,KHOISAN,ZA,khoisan,1
6,Q2OTHER,31,KIARUSHA,TZ,kiarusha,15
6,Q2OTHER,31,KIBEMBE,TZ,kibembe,4
6,Q2OTHER,31,KIBENA,TZ,kibena,40
6,Q2OTHER,31,KIBONDEI,TZ,kibondei,5
6,Q2OTHER,31,KIBORANA,TZ,kiborana,1
6,Q2OTHER,31,KIBUNGU,TZ,kibungu,3
6,Q2OTHER,31,KIDIGO,TZ,kidigo,6
6,Q2OTHER,31,KIDOE,TZ,kidoe,1
6,Q2OTHER,31,KIGUNYA,TZ,kigunya,4
6,Q2OTHER,31,KIHA,TZ,kiha,124
6,Q2OTHER,31,KIHANGAZA,TZ,kihangaza,5
6,Q2OTHER,31,KIIKIZU,TZ,kiikizu,4
6,Q2OTHER,31,KIIRAQ,TZ,kiiraq,42
6,Q2OTHER,31,KIJAHIDIRI,TZ,kijahidiri,1
6,Q2OTHER,31,KIJALUO,TZ,kijaluo,12
6,Q2OTHER,31,KIJITA,TZ,kijita,38
6,Q2OTHER,31,KIKABWA,TZ,kikabwa,2
6,Q2OTHER,31,KIKAGURU,TZ,kikaguru,20
6,Q2OTHER,31,KIKAHE,TZ,kikahe,2
6,Q2OTHER,31,KIKARA,TZ,kikara,3
6,Q2OTHER,31,KIKEREWE,TZ,kikerewe,5
6,Q2OTHER,31,KIKIMBU,TZ,kikimbu,4
6,Q2OTHER,31,KIKINE,TZ,kikine,3
6,Q2OTHER,31,KIKINGA,TZ,kikinga,7
6,Q2OTHER,31,KIKONONGO,TZ,kikonongo,1
6,Q2OTHER,31,KIKWAYA,TZ,kikwaya,1
6,Q2OTHER,24,KILBA BABAR,NG,kilba babar,2
6,Q2OTHER,31,KILONGO,TZ,kilongo,1
6,Q2OTHER,31,KIMAKUNDUCHI,TZ,kimakunduchi,3
6,Q2OTHER,31,KIMAKUWA,TZ,kimakuwa,33
6,Q2OTHER,31,KIMALILI,TZ,kimalili,1
6,Q2OTHER,31,KIMANG'ATI,TZ,kimang'ati,2
6,Q2OTHER,31,KIMATAMBWE,TZ,kimatambwe,2
6,Q2OTHER,31,KIMATENGO,TZ,kimatengo,14
6,Q2OTHER,31,KIMATUMBI,TZ,kimatumbi,6
6,Q2OTHER,31,KIMAZURUNI,TZ,kimazuruni,1
6,Q2OTHER,31,KIMBULU,TZ,kimbulu,12
6,Q2OTHER,31,KIMWERA,TZ,kimwera,35
6,Q2OTHER,31,KINDALI,TZ,kindali,30
6,Q2OTHER,31,KINDAMBA,TZ,kindamba,23
6,Q2OTHER,31,KINDENDEULE,TZ,kindendeule,26
6,Q2OTHER,31,KINDENGEREKO,TZ,kindengereko,19
6,Q2OTHER,31,KINDONDE,TZ,kindonde,1
6,Q2OTHER,31,KINDYEWE,TZ,kindyewe,3
6,Q2OTHER,31,KINGINDO,TZ,kingindo,24
6,Q2OTHER,31,KINGUU,TZ,kinguu,15
6,Q2OTHER,31,KINYAMBO,TZ,kinyambo,15
6,Q2OTHER,31,KINYAMWANGA,TZ,kinyamwanga,7
6,Q2OTHER,31,KINYANTUZU,TZ,kinyantuzu,1
6,Q2OTHER,34,KINYARWANDA,UG,kinyarwanda,5
6,Q2OTHER,31,KINYASA,TZ,kinyasa,1
6,Q2OTHER,31,KINYATURU,TZ,kinyaturu,1
6,Q2OTHER,31,KINYIHA,TZ,kinyiha,43
6,Q2OTHER,31,KINYIMBO,TZ,kinyimbo,3
6,Q2OTHER,31,KINYIRAMBA,TZ,kinyiramba,3
6,Q2OTHER,31,KINYISANZU,TZ,kinyisanzu,1
6,Q2OTHER,31,KIPANGWA,TZ,kipangwa,4
6,Q2OTHER,31,KIPEMBA,TZ,kipemba,3
6,Q2OTHER,31,KIPOGORO,TZ,kipogoro,19
6,Q2OTHER,13,Kipsigis,KE,kipsigis,3
6,Q2OTHER,31,KIRANGI,TZ,kirangi,36
6,Q2OTHER,31,KIRURI,TZ,kiruri,1
6,Q2OTHER,31,KISAFWA,TZ,kisafwa,20
6,Q2OTHER,31,KISAMBAA,TZ,kisambaa,53
6,Q2OTHER,31,KISANDAWE,TZ,kisandawe,3
6,Q2OTHER,31,KISANGU,TZ,kisangu,4
6,Q2OTHER,31,KISEGEJU,TZ,kisegeju,1
6,Q2OTHER,31,KISHIRAZI,TZ,kishirazi,13
6,Q2OTHER,31,KISIMBITI,TZ,kisimbiti,1
6,Q2OTHER,31,KISIZAKI,TZ,kisizaki,2
6,Q2OTHER,12,KISSI,GN,kissi,1
6,Q2OTHER,31,KISUBI,TZ,kisubi,14
6,Q2OTHER,31,KISUMBWA,TZ,kisumbwa,11
6,Q2OTHER,31,KITATURU,TZ,kitaturu,2
6,Q2OTHER,31,KITONGWE,TZ,kitongwe,4
6,Q2OTHER,31,KITUMBATU,TZ,kitumbatu,7
6,Q2OTHER,31,KIWANJI,TZ,kiwanji,3
6,Q2OTHER,31,KIYAO,TZ,kiyao,22
6,Q2OTHER,31,KIZANAKI,TZ,kizanaki,17
6,Q2OTHER,31,KIZARAMO,TZ,kizaramo,35
6,Q2OTHER,31,KIZIGUA,TZ,kizigua,39
6,Q2OTHER,31,KIZINZA,TZ,kizinza,3
6,Q2OTHER,8,KODIA,CI,kodia,6
6,Q2OTHER,11,Kokomba,GH,kokomba,32
6,Q2OTHER,6,Kom,CM,kom,1
6,Q2OTHER,6,KOM,CM,kom,16
6,Q2OTHER,4,KOMONO,BF,komono,5
6,Q2OTHER,8,KOMONON,CI,komonon,4
6,Q2OTHER,24,KONA,NG,kona,1
6,Q2OTHER,26,KONIADIE,SN,koniadie,1
6,Q2OTHER,12,KONO,GN,kono,1
6,Q2OTHER,12,KONON,GN,konon,2
6,Q2OTHER,6,KOTOKO,CM,kotoko,13
6,Q2OTHER,11,Kotokoli,GH,kotokoli,12
6,Q2OTHER,11,Kotokoli/Chamba,GH,kotokoli/chamba,1
6,Q2OTHER,8,KOUZIE,CI,kouzie,1
6,Q2OTHER,8,KOYAKA,CI,koyaka,11
6,Q2OTHER,11,Krakyi,GH,krakyi,8
6,Q2OTHER,11,Krobo,GH,krobo,5
6,Q2OTHER,8,KROBOU,CI,krobou,2
6,Q2OTHER,34,KUMAM,UG,kumam,9
6,Q2OTHER,13,Kuria,KE,kuria,16
6,Q2OTHER,11,Kusal,GH,kusal,49
6,Q2OTHER,24,KUTEB,NG,kuteb,9
6,Q2OTHER,11,Kwahu,GH,kwahu,2
6,Q2OTHER,6,LAKA,CM,laka,1
6,Q2OTHER,35,lambia,ZM,lambia,1
6,Q2OTHER,6,LAMBO,CM,lambo,1
6,Q2OTHER,12,LANDOUMA,GN,landouma,3
6,Q2OTHER,29,Language Almapat,SD,language almapat,1
6,Q2OTHER,29,Language Fellata,SD,language fellata,5
6,Q2OTHER,29,Language Inqasna,SD,language inqasna,1
6,Q2OTHER,24,LANTA,NG,lanta,1
6,Q2OTHER,24,LARU,NG,laru,9
6,Q2OTHER,24,LAWABE,NG,lawabe,1
6,Q2OTHER,34,LENDU,UG,lendu,2
6,Q2OTHER,21,ligete,MZ,ligete,1
6,Q2OTHER,21,LIGODE,MZ,ligode,1
6,Q2OTHER,21,Ligote,MZ,ligote,1
6,Q2OTHER,21,LIGOUTE,MZ,ligoute,1
6,Q2OTHER,11,Likpakpaln,GH,likpakpaln,13
6,Q2OTHER,6,LIMBUM,CM,limbum,1
6,Q2OTHER,21,LINGUA MAPEX,MZ,lingua mapex,1
6,Q2OTHER,11,Logba,GH,logba,3
6,Q2OTHER,32,LOGBA,TG,logba,2
6,Q2OTHER,21,loriba,MZ,loriba,1
6,Q2OTHER,36,LOZWI,ZW,lozwi,1
6,Q2OTHER,35,luchazi,ZM,luchazi,2
6,Q2OTHER,34,LUDAMA,UG,ludama,2
6,Q2OTHER,34,LUFUMBIRA,UG,lufumbira,9
6,Q2OTHER,34,LUGWERE,UG,lugwere,1
6,Q2OTHER,34,LUJALUWO,UG,lujaluwo,1
6,Q2OTHER,34,LULAMOGI,UG,lulamogi,1
6,Q2OTHER,34,LULURI,UG,luluri,1
6,Q2OTHER,24,LUMAMA,NG,lumama,1
6,Q2OTHER,24,LUNGUDA,NG,lunguda,1
6,Q2OTHER,21,luniga,MZ,luniga,1
6,Q2OTHER,34,LUNYALA,UG,lunyala,2
6,Q2OTHER,34,LUNYARA,UG,lunyara,2
6,Q2OTHER,34,LUO,UG,luo,3
6,Q2OTHER,34,LURURU,UG,lururu,1
6,Q2OTHER,8,M'BATTO,CI,m'batto,1
6,Q2OTHER,21,Mabawe,MZ,mabawe,1
6,Q2OTHER,6,MABI,CM,mabi,1
6,Q2OTHER,6,MADA,CM,mada,2
6,Q2OTHER,22,Mafwe,NA,mafwe,7
6,Q2OTHER,21,MAHAWEA,MZ,mahawea,1
6,Q2OTHER,8,MAHOHKA,CI,mahohka,1
6,Q2OTHER,8,MAHOUKA,CI,mahouka,5
6,Q2OTHER,21,Maindo,MZ,maindo,1
6,Q2OTHER,11,Mampruli,GH,mampruli,25
6,Q2OTHER,24,MAMUNYE,NG,mamunye,1
6,Q2OTHER,6,MANDARA,CM,mandara,1
6,Q2OTHER,4,MANDARAI,BF,mandarai,1
6,Q2OTHER,21,MANHGUE,MZ,manhgue,1
6,Q2OTHER,21,Manhungue,MZ,manhungue,1
6,Q2OTHER,26,MANKAGNE,SN,mankagne,1
6,Q2OTHER,21,MAONE,MZ,maone,2
6,Q2OTHER,21,MAPEX,MZ,mapex,1
6,Q2OTHER,13,Maragoli,KE,maragoli,4
6,Q2OTHER,21,maronga,MZ,maronga,1
6,Q2OTHER,21,MARONGA,MZ,maronga,3
6,Q2OTHER,6,MASSA,CM,massa,1
6,Q2OTHER,21,MASSEMA,MZ,massema,1
6,Q2OTHER,26,MASSONKE,SN,massonke,1
6,Q2OTHER,21,MATCWE,MZ,matcwe,1
6,Q2OTHER,21,MATEU,MZ,mateu,1
6,Q2OTHER,21,matewe,MZ,matewe,1
6,Q2OTHER,21,MATEWE,MZ,matewe,6
6,Q2OTHER,21,mateyu,MZ,mateyu,1
6,Q2OTHER,21,Matowe,MZ,matowe,1
6,Q2OTHER,21,matsua,MZ,matsua,2
6,Q2OTHER,21,MATSUA,MZ,matsua,1
6,Q2OTHER,21,MATSWA,MZ,matswa,1
6,Q2OTHER,21,MATXSUA,MZ,matxsua,1
6,Q2OTHER,36,MAUNGWE,ZW,maungwe,6
6,Q2OTHER,26,MAURE,SN,maure,1
6,Q2OTHER,6,MBA VELE,CM,mba vele,1
6,Q2OTHER,6,MBAMOISE,CM,mbamoise,1
6,Q2OTHER,6,MBANG,CM,mbang,1
6,Q2OTHER,6,MBE MBE,CM,mbe mbe,1
6,Q2OTHER,6,MBESAH,CM,mbesah,5
6,Q2OTHER,6,MBESSA,CM,mbessa,1
6,Q2OTHER,6,MBO,CM,mbo,8
6,Q2OTHER,6,MBO'O,CM,mbo'o,2
6,Q2OTHER,6,MBORORO,CM,mbororo,1
6,Q2OTHER,36,MDOMBE,ZW,mdombe,1
6,Q2OTHER,21,Medindo,MZ,medindo,1
6,Q2OTHER,6,MEFI,CM,mefi,1
6,Q2OTHER,6,META,CM,meta,13
6,Q2OTHER,6,METSA,CM,metsa,1
6,Q2OTHER,6,MEZIMA,CM,mezima,1
6,Q2OTHER,22,Mhalangwe,NA,mhalangwe,2
6,Q2OTHER,24,MICHINKA,NG,michinka,1
6,Q2OTHER,12,MIKHIFORE,GN,mikhifore,1
6,Q2OTHER,12,MIKIFORE,GN,mikifore,1
6,Q2OTHER,35,mikundu,ZM,mikundu,1
6,Q2OTHER,24,MINCHIKA,NG,minchika,1
6,Q2OTHER,6,MISANJE,CM,misanje,1
6,Q2OTHER,11,Mo,GH,mo,3
6,Q2OTHER,6,MOGHAGNO,CM,moghagno,1
6,Q2OTHER,21,MONGA,MZ,monga,1
6,Q2OTHER,6,MONGHAKA,CM,monghaka,1
6,Q2OTHER,21,moniaco,MZ,moniaco,1
6,Q2OTHER,21,moniga,MZ,moniga,1
6,Q2OTHER,21,MONIGA,MZ,moniga,3
6,Q2OTHER,3,MOROTSI,BW,morotsi,1
6,Q2OTHER,11,Moshie,GH,moshie,11
6,Q2OTHER,18,MOSSI,ML,mossi,3
6,Q2OTHER,32,MOSSI,TG,mossi,3
6,Q2OTHER,23,MOSSICTHE,NE,mossicthe,1
6,Q2OTHER,6,MOUDANI,CM,moudani,5
6,Q2OTHER,6,MOUDINI,CM,moudini,1
6,Q2OTHER,6,MOUGOUM,CM,mougoum,1
6,Q2OTHER,6,MOUNDANG,CM,moundang,1
6,Q2OTHER,6,MOUSGOUM,CM,mousgoum,1
6,Q2OTHER,6,MOUSGOUN,CM,mousgoun,1
6,Q2OTHER,21,Mtsua,MZ,mtsua,1
6,Q2OTHER,21,MUali,MZ,muali,1
6,Q2OTHER,21,MUALI,MZ,muali,2
6,Q2OTHER,21,MUANDI,MZ,muandi,1
6,Q2OTHER,21,muani,MZ,muani,2
6,Q2OTHER,21,MUANI,MZ,muani,6
6,Q2OTHER,21,MUANY,MZ,muany,1
6,Q2OTHER,6,MUBAKO,CM,mubako,1
6,Q2OTHER,6,MUDELE,CM,mudele,1
6,Q2OTHER,6,MUGAKA,CM,mugaka,1
6,Q2OTHER,34,MULAMOGI,UG,mulamogi,1
6,Q2OTHER,24,MUMUGAR,NG,mumugar,1
6,Q2OTHER,24,MUMUYE,NG,mumuye,8
6,Q2OTHER,21,MUNGA,MZ,munga,1
6,Q2OTHER,21,MUNI,MZ,muni,1
6,Q2OTHER,21,muninga,MZ,muninga,1
6,Q2OTHER,34,MUNYABINDI,UG,munyabindi,2
6,Q2OTHER,13,Munyaya,KE,munyaya,6
6,Q2OTHER,24,MUPUN,NG,mupun,1
6,Q2OTHER,34,MURUNDI,UG,murundi,1
6,Q2OTHER,6,MUSGUM,CM,musgum,2
6,Q2OTHER,36,MUSHANGWE,ZW,mushangwe,1
6,Q2OTHER,24,MWANGAVUL,NG,mwangavul,1
6,Q2OTHER,11,Nabdam,GH,nabdam,1
6,Q2OTHER,11,Nahumuru,GH,nahumuru,1
6,Q2OTHER,21,Naindo,MZ,naindo,1
6,Q2OTHER,36,NAMBYA,ZW,nambya,9
6,Q2OTHER,21,NAMICA,MZ,namica,1
6,Q2OTHER,13,Nandi,KE,nandi,1
6,Q2OTHER,11,Nankani,GH,nankani,5
6,Q2OTHER,21,NAONIGA,MZ,naoniga,1
6,Q2OTHER,8,NATURALISE,CI,naturalise,1
6,Q2OTHER,11,Nawuri,GH,nawuri,1
6,Q2OTHER,6,NCHANI,CM,nchani,5
6,Q2OTHER,6,NCHANIH,CM,nchanih,1
6,Q2OTHER,24,NDALA,NG,ndala,1
6,Q2OTHER,35,ndebele,ZM,ndebele,3
6,Q2OTHER,30,Ndebele,SZ,ndebele,1
6,Q2OTHER,3,NDEBELE,BW,ndebele,2
6,Q2OTHER,6,NGAMBAYE,CM,ngambaye,1
6,Q2OTHER,24,NGAS,NG,ngas,2
6,Q2OTHER,6,NGEMBA,CM,ngemba,1
6,Q2OTHER,6,NGOA,CM,ngoa,1
6,Q2OTHER,21,NGONY,MZ,ngony,1
6,Q2OTHER,6,NGOU,CM,ngou,1
6,Q2OTHER,21,Ngungue,MZ,ngungue,4
6,Q2OTHER,6,NGUO,CM,nguo,1
6,Q2OTHER,6,NGYEMBOON,CM,ngyemboon,1
6,Q2OTHER,21,NHUGUE,MZ,nhugue,1
6,Q2OTHER,21,NHUMGUE,MZ,nhumgue,1
6,Q2OTHER,21,nhungoe,MZ,nhungoe,1
6,Q2OTHER,21,nhungue,MZ,nhungue,13
6,Q2OTHER,21,Nhungue,MZ,nhungue,12
6,Q2OTHER,21,NHUNGUE,MZ,nhungue,10
6,Q2OTHER,21,nhunguem,MZ,nhunguem,1
6,Q2OTHER,21,NHUNGWE,MZ,nhungwe,1
6,Q2OTHER,21,Nhunhue,MZ,nhunhue,1
6,Q2OTHER,21,NHUNQUE,MZ,nhunque,1
6,Q2OTHER,24,NINZOM,NG,ninzom,8
6,Q2OTHER,36,NLEYA ZAMBIA,ZW,nleya zambia,1
6,Q2OTHER,6,NNAGA EBOKO,CM,nnaga eboko,1
6,Q2OTHER,6,NONI,CM,noni,2
6,Q2OTHER,6,NSIE,CM,nsie,1
6,Q2OTHER,6,NSO,CM,nso,1
6,Q2OTHER,35,nswaka,ZM,nswaka,1
6,Q2OTHER,13,Nubi,KE,nubi,1
6,Q2OTHER,24,NUMANA,NG,numana,8
6,Q2OTHER,21,nunga,MZ,nunga,1
6,Q2OTHER,21,NUTO,MZ,nuto,1
6,Q2OTHER,24,NWANGAVUL,NG,nwangavul,14
6,Q2OTHER,24,NYANDANG,NG,nyandang,2
6,Q2OTHER,21,Nyanja,MZ,nyanja,1
6,Q2OTHER,36,NYANJA,ZW,nyanja,5
6,Q2OTHER,13,Nyarwanda,KE,nyarwanda,1
6,Q2OTHER,13,Nyasa,KE,nyasa,1
6,Q2OTHER,22,Nyemba,NA,nyemba,4
6,Q2OTHER,21,Nyongue,MZ,nyongue,1
6,Q2OTHER,21,NYUENGE,MZ,nyuenge,1
6,Q2OTHER,21,NYUGUE,MZ,nyugue,2
6,Q2OTHER,21,nyungue,MZ,nyungue,23
6,Q2OTHER,21,Nyungue,MZ,nyungue,13
6,Q2OTHER,21,NYUNGUE,MZ,nyungue,7
6,Q2OTHER,21,Nyungunhe,MZ,nyungunhe,1
6,Q2OTHER,11,Nzema,GH,nzema,7
6,Q2OTHER,6,OBANG,CM,obang,1
6,Q2OTHER,24,OBODU,NG,obodu,1
6,Q2OTHER,8,ODIENNEKA,CI,odienneka,4
6,Q2OTHER,24,OGAE,NG,ogae,1
6,Q2OTHER,24,OGBA,NG,ogba,8
6,Q2OTHER,13,Ogiek,KE,ogiek,7
6,Q2OTHER,24,OKIRIKA,NG,okirika,5
6,Q2OTHER,11,Okre,GH,okre,1
6,Q2OTHER,24,OKRIKA,NG,okrika,1
6,Q2OTHER,6,OKU,CM,oku,1
6,Q2OTHER,6,OROKO,CM,oroko,2
6,Q2OTHER,24,ORON,NG,oron,1
6,Q2OTHER,6,OSHIE,CM,oshie,7
6,Q2OTHER,24,OWAN,NG,owan,1
6,Q2OTHER,24,PANSO,NG,panso,1
6,Q2OTHER,8,PEULH,CI,peulh,1
6,Q2OTHER,32,PEULH,TG,peulh,12
6,Q2OTHER,6,PINYIN,CM,pinyin,1
6,Q2OTHER,30,Portuguese,SZ,portuguese,1
6,Q2OTHER,13,Rendille,KE,rendille,1
6,Q2OTHER,21,ronga,MZ,ronga,2
6,Q2OTHER,21,rONGA,MZ,ronga,1
6,Q2OTHER,21,RONGA,MZ,ronga,7
6,Q2OTHER,34,RUFUMBIRA,UG,rufumbira,26
6,Q2OTHER,34,RUNGUNGU,UG,rungungu,2
6,Q2OTHER,34,RUNYARWANDA,UG,runyarwanda,8
6,Q2OTHER,34,RURULI,UG,ruruli,2
6,Q2OTHER,34,RUSONGORA,UG,rusongora,1
6,Q2OTHER,13,Sabaot,KE,sabaot,8
6,Q2OTHER,35,sala,ZM,sala,1
6,Q2OTHER,11,Sampa,GH,sampa,1
6,Q2OTHER,22,San,NA,san,10
6,Q2OTHER,6,SARA,CM,sara,1
6,Q2OTHER,6,SAWA,CM,sawa,1
6,Q2OTHER,24,SAYAWA,NG,sayawa,5
6,Q2OTHER,11,Sefwi,GH,sefwi,12
6,Q2OTHER,3,SEKHURUTSI,BW,sekhurutsi,1
6,Q2OTHER,3,SENANJWA,BW,senanjwa,2
6,Q2OTHER,3,SEPEDI,BW,sepedi,1
6,Q2OTHER,3,Seshona,BW,seshona,1
6,Q2OTHER,3,SETEBELE,BW,setebele,3
6,Q2OTHER,3,SETSWAPONG,BW,setswapong,1
6,Q2OTHER,3,SEXHEREKO,BW,sexhereko,1
6,Q2OTHER,3,SEXHOSA,BW,sexhosa,1
6,Q2OTHER,3,SEZURU,BW,sezuru,1
6,Q2OTHER,36,SHANGANI,ZW,shangani,30
6,Q2OTHER,21,shona,MZ,shona,1
6,Q2OTHER,3,SHONA,BW,shona,2
6,Q2OTHER,21,SHONA,MZ,shona,4
6,Q2OTHER,3,SHONA/SEZURU,BW,shona/sezuru,1
6,Q2OTHER,8,SIAKA,CI,siaka,5
6,Q2OTHER,36,SIDOMBE,ZW,sidombe,1
6,Q2OTHER,22,Sifwe,NA,sifwe,8
6,Q2OTHER,11,Sissali,GH,sissali,8
6,Q2OTHER,24,SIYAWA,NG,siyawa,1
6,Q2OTHER,6,SO'O,CM,so'o,1
6,Q2OTHER,2,SOLA,BJ,sola,4
6,Q2OTHER,32,SOLA,TG,sola,2
6,Q2OTHER,11,Someja,GH,someja,1
6,Q2OTHER,6,SORO,CM,soro,1
6,Q2OTHER,13,Suba,KE,suba,4
6,Q2OTHER,36,SUTHU,ZW,suthu,15
6,Q2OTHER,35,swahili,ZM,swahili,1
6,Q2OTHER,30,Swahili,SZ,swahili,1
6,Q2OTHER,8,TAGBANAN,CI,tagbanan,3
6,Q2OTHER,11,Talensi,GH,talensi,2
6,Q2OTHER,4,TAMACHECK,BF,tamacheck,3
6,Q2OTHER,32,TAMBERMA,TG,tamberma,8
6,Q2OTHER,11,Tampulma,GH,tampulma,4
6,Q2OTHER,16,tanala,MG,tanala,1
6,Q2OTHER,26,TANDA,SN,tanda,1
6,Q2OTHER,24,TANGALE,NG,tangale,16
6,Q2OTHER,24,TANGALI,NG,tangali,1
6,Q2OTHER,11,Tapulsi,GH,tapulsi,1
6,Q2OTHER,24,TAROK,NG,tarok,19
6,Q2OTHER,12,TCHEDDERE,GN,tcheddere,2
6,Q2OTHER,21,Tchitchewa,MZ,tchitchewa,1
6,Q2OTHER,21,Tchthewa,MZ,tchthewa,1
6,Q2OTHER,24,TERA,NG,tera,3
6,Q2OTHER,13,Teso,KE,teso,9
6,Q2OTHER,21,tewe,MZ,tewe,1
6,Q2OTHER,21,Tewe,MZ,tewe,1
6,Q2OTHER,21,TEWE,MZ,tewe,3
6,Q2OTHER,3,TJIMBANDERU,BW,tjimbanderu,1
6,Q2OTHER,12,TOMA,GN,toma,2
6,Q2OTHER,22,Totela,NA,totela,3
6,Q2OTHER,12,TOUBA,GN,touba,1
6,Q2OTHER,8,TOURA,CI,toura,8
6,Q2OTHER,4,TOUSSIAN,BF,toussian,8
6,Q2OTHER,36,TSENGA,ZW,tsenga,1
6,Q2OTHER,24,TULA,NG,tula,3
6,Q2OTHER,4,TURKA,BF,turka,1
6,Q2OTHER,4,VIGUE,BF,vigue,2
6,Q2OTHER,11,Waala,GH,waala,19
6,Q2OTHER,24,WAJA,NG,waja,12
6,Q2OTHER,8,WAN,CI,wan,1
6,Q2OTHER,11,Wangara,GH,wangara,2
6,Q2OTHER,6,WIBUM,CM,wibum,1
6,Q2OTHER,6,WIMBUM,CM,wimbum,4
6,Q2OTHER,8,WOBE,CI,wobe,17
6,Q2OTHER,8,WORODOUGOU,CI,worodougou,1
6,Q2OTHER,24,WURKUM,NG,wurkum,2
6,Q2OTHER,24,WURKUN,NG,wurkun,3
6,Q2OTHER,21,xitsua,MZ,xitsua,16
6,Q2OTHER,21,Xitsua,MZ,xitsua,3
6,Q2OTHER,21,XITSUA,MZ,xitsua,9
6,Q2OTHER,21,Xitswa,MZ,xitswa,1
6,Q2OTHER,21,XITSWA,MZ,xitswa,2
6,Q2OTHER,24,YAKURI,NG,yakuri,7
6,Q2OTHER,24,YALA,NG,yala,14
6,Q2OTHER,6,YAMBASSA,CM,yambassa,1
6,Q2OTHER,6,YAMBEN,CM,yamben,1
6,Q2OTHER,32,YANGA,TG,yanga,1
6,Q2OTHER,8,YAOURE,CI,yaoure,2
6,Q2OTHER,6,YEBEKOL,CM,yebekol,1
6,Q2OTHER,3,ZEZURU,BW,zezuru,1
6,Q2OTHER,30,Zulu,SZ,zulu,6
6,Q2OTHER,24,ZURU,NG,zuru,4
